,댓글
0,고생하셨습니다 꿀잠주무셔용~~😴❤️❤️❤️
1,이때 오빠 헤어스타일보고 한번 더 반했었는데🙈🙈 오빠도 안녕히주무세요😴♥♥♥
2,추억돋아요^_____^ 아직 미팅중이지만~~ 잘 마무리하고 따라 잘게요^^ 먼저 주무세요~ 오빠~🤗🤗🙏🏻❤️ 꼭꼭 행꿈꾸세요~^^💛
3,🔥🔥🔥
4,You are the best 👍
5,오늘도 고잉 내일도 그대와 고잉 내일도 ~~~~~😊 상나잇
6,😍😍💙💙
7,지현이 넘 예쁘다😍😍😍
8,🌙
9,지금도 멋있으시지만 이때 완전 최고였지요👍😀👍
10,👍👍
11,💖
12,🔥🔥🔥🔥🔥🔥
13,😎🎵🎶😍
14,Legend
15,상민오빠 화이팅👍❣️
16,So cool❣️👍😊
17,😍
18,❤️
19,perfect
20,Ahjussiiii 🔥🔥🔥
21,😍😍 룰라 공연 너무 보고싶고 오빠도 너무너무 보고싶구 ❤️ 굿밤되세요~~ 상나잇 😆🌙
22,🤩🤩❤️❤️❤️❤️
23,시간좀되돌려주세요😢
24,Old but gold ❤❤❤
25,👍👍👍👍👍
26,The god father of crying rap😍🔥
27,Crying rap comeback when?
28,멋있다😍
29,와... 이노래 정말 재평가가 필요한 아까운곡💕
30,저도 랩하고 싶네요 ㅋㅋ🔥 크라잉 랩 😎 쁘아아악-!!
31,처음 들은 노래 있다 신나게 좋더라👍👍 역시 음악의 신이셔
32,♥️
33,Ayyyyy rap that shit king
34,이상민 최고 파이팅~~!!👏❤️
35,WOW
36,🔥😢😍
37,에너지넘치는 상민형님 항상 응원합니다~!
38,최고였고 지금도 최고세요❤️
39,상민이형님 또 옛 갬성 젖으셨네. 잊을만 하면 크라잉랩 올라옴😆
40,안녕히주무세요~~
41,그 때 그시절~~~룰라 짱짱!
42,좋은 꿈꾸고 계시기를 😜 여긴 벌써 아침 😭
43,이때가 그립네요.
44,투명?저건 어디서구매해요?ㅋㅋ 탐나요 사고싶어요👍👍
45,화이팅!!!!! 추운날씨 감기조심 하세요 😃👍
46,😂
47,맛점하시구요~~~~😋 오후시간도 홧띵요~~~^^
48,오늘도 철통방어^^~~~ ❤️ 오빠~^_____^ 몸도 마음도 건강한 하루 되세요~~~^^ 오전 내내 회의~^^ 배고파서 밥 먹고 일해야 할 것 같아요~~^^ 밥 먹을래요~~^^ㅎ 오빠도 맛있는 식사 잘 챙겨 드세요~~^^🙏🏻💛
49,🐕🐇
50,😍
51,오대박이에욤💕👏👏👍👍👍👍
52,😻
53,💗
54,"상민씨, 이런건 어디서 사나요? 🙃"
55,👍👍👍
56,화이팅👍👍
57,황팅입니다👍💛💛💛
58,❤️❤️❤️
59,오후도 파이팅이요 💪💕
60,마스크 어디서 구입하신거에요?
61,어디서 샀어요? ㅋㅋㅋ
62,❤️❤️❤️❤️❤️
63,🔥🔥🔥🔥
64,모에요? 개발하신건가요?
65,이 마스크는 까까까에서 못본건데.. 좋네요
66,오... 이거 좋은데요.
67,형님 화이팅하세요 👍
68,마스크 짱 멋져요💚
69,👍👍👍❤️❤️❤️
70,상민이형 마스크 간지😀
71,👏👏👏👏👏👏😍😍😍😍😍
72,Quiero esas mascaras!!
73,잼나요^^
74,알리매니아 네요ㅎㅎ
75,Good afternoon
76,kkkkkkk strange mask collection😄😂
77,마스크 대박이네여^^
78,와 저 투명 마스크는 뭔가 되게 퓨쳐리스틱 하네요!! 머시써요 🤍
79,ㅎ😍🙆‍♀️매력쟁이👍 좋은모습 많이 많이 보여주세요~^^~
80,이것도 유튭에?😮
81,화이팅!!!
82,상민님도 많이 드시구 힘내셔야해요~👍
83,힘힘힘🤗
84,👍🏻Fashion
85,항상 응원합니당!!! 👏
86,👏👏👏
87,아무튼 특이한 물건 많은것 같아요 ㅎㅎ
88,ㅋㅋㅋ
89,근데... 구멍이 숭숭..
90,"""지평선이 검고 폭풍이 위협하고 있습니다. 일합시다. 이것이 세기의 악에 대한 유일한 치료법입니다."" 나는 당신을 친구로 지원하고 있습니다. 너는 결코 혼자가 아니다. 함께 일하고 행복합시다!. 🙌🏻💫❣"
91,오빠 마스크는 독특한게 많네요.
92,"Wow, you make everything so fashionable, even the mask!"
93,특수제작이예요
94,재밌으십니다.
95,Looking good 👍
96,이제 kf쓰세요..ㅜ과태료..ㅜ
97,😍👏👏👏
98,😂😂😂😂😂😂😂😂😂😂😂😂😂😂😂😂😂
99,❤️❤️
100,내스타도 점심 꼬옥 챙기시구여 :-) 감기 조심💕
101,맛점 드세용~❤️
102,👏
103,화이팅! 힘내라 힘! 응원합니다 🤗
104,소년같아요..귀여움...😍
105,열심히 생활하시는 모습 보기좋아요 건강하시고 행복하세요 응원합니다 ^^
106,💓💓💓💓💓💓💓
107,Fighting 💙👏
108,그것 귀가 아파자 않아요? 그것 무겁지 않나요?
109,뭘해도 멋져요
110,상민오빠 fighting💪💪 맛점 하세용 우리를 사랑한 사람은 위해
111,ㅋㅋ 상민씨 마스크는 대췌가 어디서 구매하는지요?정말 탐나는 물건이네요.👍😘
112,도대체 이런걸 어디서 구하신데요? 신기신기
113,행복하고 멋진 하루 되세요!!!
114,❤️❤️❤️
115,오늘도 수고하셨습니다🙌 상민님 화이팅❤️
116,❤️Yo! Yo! Yo! ❤️Looking #good #man!
117,이런 마스크 나라에서 인정 안 해줄텐데요~ 라고 할랬더니 뒤에 마스크하고 덫대어 하고 나오네요ㅋㅋ 이런거 발견하는 능력 굿입니다~
118,오빠 사랑해요 🙌 근데 마스크끼고 뽀뽀해봤어요? 🔥
119,yoyoyo~fignting!!! awesome mask yo~
120,😂😂😂😂ㅎㅎㅎㅎ
121,은행이라도 치게?
122,You're handsome 😘
123,구매링크 부탁드려요😘
124,코로나는 이제 더불어 사는 사회처럼 일상일수도 있는 상황까지 된 시점에서 걸린사람들을 무슨 죄인취급하듯이 하고 피하는 사람들에 생각은 바뀌어야 될듯요.
125,상민오빠 인스타게시물 올라와서 좋아여~항상 힘내시고 해피한하루보내세요!!화이팅!!!!👏👏❤️❤️❤️😍😍😍😍😍
126,오빠 ❤️❤️ 화이팅이요!! peaceful 하고 happiness 로 가득찬 하루 되시길 바래요 🙌 위나윈나
127,기대되네용~~^^ 오늘도 건강 잘 챙기시면서.. 홧띵요😍😍
128,"상민오빠, 건강은 최고죠. 건강 잘 챙기시고"
129,😍
130,💪🏻건강
131,🌞
132,❤️❤️❤️
133,🎉🎉🎉🎉우정에서 사랑😍😍😍
134,👍👍
135,오빠두 화이팅!!! 식사 거르지마시구 옷 따숩게 입으시구요! 많이 많이 웃는 하루 보내시길 바라요💕
136,화이팅하세용ㅜㅜ!! 마스크 꼭꼭😷
137,Fighting
138,코로나조심하세요. 상민씨
139,코로나 메로나 😮
140,Fighting!!
141,정보 감사해요~~행복한 하루 되세요^^
142,코로나 조심하시구 화이팅^^하세요~
143,Sangmin fighting!!! eyes contact with love.have a good day^^
144,
145,
146,
147,
148,
149,
150,
151,
152,
153,
154,
155,
156,
157,
158,
159,
160,
161,
162,
163,
164,
165,
166,
167,
168,
169,
170,
171,
172,😍
173,오빠 이제 좀 쉬시죠? 😥 잠 안 오는 사람 넘 많아서요 ㅋㅋㅋ 계속 하시면 같이 밤 새볼까요 😂
174,형님^^샴푸다똑같습니다~~!!힘내세요~~!
175,연예인들은 평생 절대적 약자이자 을입니다. 대한민국의 연예인들의 악플러들의 대응도 이제는 바뀌어야합니다. 상민씨 그만 사과하세요.
176,"힘내세요 90년대부터, 지금도, 그리고 앞으로도 계속 응원하겠습니다"
177,본인은 아무책임이 없다고 생각하시는건 아니죠?
178,@93j_park
179,"모델을 했단이유로 잘못이 있다하면 안되는거죠~ 모델은 모델일뿐 단지 운이 안좋았을뿐이고, 그 회사 잘못이죠 엄연히... 하나하나 책임지라고 한다면 모델할사람 없을듯요"
180,😄🎶❤️
181,I love you ❤️❤️
182,힘내세요!!!!🙏
183,샴푸회사에서 잘못한일이고 대처도 그회사가 해야할일🙄ㅋ
184,👏
185,모든물건이 과장광고지 약도아니고 인스타 호갱이그냥있나요 그냥 그려려니하면되지 잘나가니 배아파서 누가그랬나보다 이렇게밖에생각안드네요 !열심히사는사람들 앞길안막는 나라사람들되면좋을텐데ㅡ힘내세요 !!홧팅
186,힘내세요 !
187,힘내세요!! 항상응원하고 사랑합니다❤️악플에 너무 신경안쓰셨으면 좋겠어요 😭힘내세요!!!!!!!!
188,저희 신랑두 어헤즈샴푸 사용한지 2년돼가는데 4통씩 사서 쟁겨노며 만족하며 쓰구있는데 환불받기두구찬구 걍쓸래요
189,상민님이 삼푸파신게 뭐잘못됬나요? 남극크릴오일처럼발암 물질석인것32개회사것처럼? 전이해가안되네요.??
190,"형 여기 사과문이 약간아쉽네요! 목적어빠졌어요

무엇을 잘명기해주시지.."
191,팬으로써 이상민님이 그냥 아무일없이 잘 살았으면 좋겠어여~늘 티비보면서 저사람은 잘됐으면 좋겟다 해여~비판이있으면 비판받으시고 앞으로 성실한 행동으로 지내시면 된다고 생각합니다.
192,무슨일인지모르지만 화이팅
193,힘내시고 너무맘담지마세요♡♡상상꽃길만걸어가시길~~모든채널에서잘보고있읍니다~~^^^응원합니다 항상^^^^
194,진짜안좋은샴푸를 광고한거라면 모델도포함해 문제를 제기할수있지만 어찌보면 모델도 과대광고를 한 회사로 인해 이미지타격과 어찌보면 피해자인데...
195,We support you!!!! 💖💖
196,"네!상민씨,신경쓰지 마세요,원래 남 잘되는 꼴 배 아파하는 사람들 많잖아요!그만큼 상민씨가 잘 돼고 있으시다는 거죠~^^건강 잘 챙기시고 화이팅 하세요 ~"
197,형 저야 크게 상관없었고 이번 올리신 사과로 이해가 되었는데 괜찮으시겠어요? 아직도 유튜브 댓글도 그렇고 그렇게 여론이 좋지는 못하더라구요. 저 사과도 얼굴이 안나왔다. 이게 사과 한거냐 이게 그겁니다에 대해서는 재대로 나와 있지도 않다.(어헤즈 사과문보고 저는 이해했는데 안본사람들이 있나봅니다) 등 아직도 좋지는 않아서 앞으로 유튜브 운영이 괜찮으실지 해서요
198,Oh my god. I checked NAVER comments two night ago and saw Netizens post harassment comment about sangmin oppa ㅠ ㅠ 💔 oppa I love you. Please don't read bad comments. I support Lee Legend Sangmin 💕💕💖💕💖💕💖❤❤❤ fighting. 사랑 해 요
199,요즘 누가 모델 광고 하는것만 보고 물건사요...! 그렇다면 그사람이 잘못산거지 gs홈 런칭도 했었던것 같은데...?! 이부분이 더 큰거 아닌가
200,지니어스같은 대처 기대합니다🔥
201,sleep early✨🌻🙆🙆🌹
202,헉.....
203,💪🏻🙏🏻💓
204,힘내세요 잘 이겨내실거에요!👍
205,I love you ❤️
206,힘내세요...화이팅!!!
207,상상이아니고 항상이요
208,응원 합니다
209,💓💓💓💓
210,이상민 화이팅!!
211,回完評論好好睡覺🌙辛苦惹
212,I believe you and support you 😊 화이팅💪🏼
213,힘내세요ㅠㅠ
214,저 기억은 하실런지 모르겠네요ㅡㅡㅋ
215,Mmm 왜 저는 한국어를 아직 잘 못합니다!? 😭😭
216,💪🏻💪🏻
217,힘내세요 저역시 응원합니다.
218,앞으로는 이런 일이 다시는 없기를 바랍니다
219,정말로 아니길 바랍니다..
220,모든 광고에 과장안된게 어딧나요ㅎ 내가 좋다고 모든사람에게 다 좋은제품도 아닐것이고..상민님 너무신경쓰지마세요💕
221,What happened? ❤️
222,잘 해결되길 바랄께요
223,마음이 아프네요...ㅠㅠ힘내세요~~...
224,상민이형 이근대위처럼~~강하게 상남자로 이겨내세요 한서초 화이팅
225,팬입니다..속상하네요..부디 잘 해결되기를 기원합니다..잘 드시고 힘내셔야 해요..
226,안녕히 주무셔요. 꾸벅 (_ _)
227,What happen?
228,what happened? someone pls translate :!(((
229,살까말까 속지말자 유튜브채널이라니..
230,상민오빠 힘내세요💗 건강 잘 챙기시고 응원합니다. 이상민 믿어요. 世事未能尽如人意，但求无愧于心
231,너무 힘드시겠네요.. 머나먼 나라에서 늘 웃음을주셔서 오히려 더 감사하네요. 항상 응원하고 기대할께요. The one and only OG korean producer/rapper
232,상민형님이다~❤️
233,힘내세요 🙌🙌🙌👍👍👍👍
234,힘내세요!!
235,Alguien de México??
236,@boram2g0
237,Pa que me diga que dice🤣🤣
238,아하...실시간 라방이 아니라 실시간 대화요ㅜ인스타 라방 해주세요!!
239,hyung wish u a sweet night
240,Always support you @sangmind32
241,Sangmin 오빠 최고👍🏻❤️ LOVE YOU
242,❤️❤️❤️❤️❤️❤️❤️❤️❤️❤️❤️❤️❤️❤️❤️❤️❤️❤️❤️❤️❤️❤️❤️❤️LEE SANG MIN❤️❤️❤️❤️❤️❤️❤️❤️❤️❤️❤️❤️❤️❤️❤️❤️❤️❤️❤️❤️❤️❤️❤️❤️❤️❤️❤️💗💖💗💖💖💗💖💗💖💗💖💗💖💗💖💗💖
243,"@sangmind32 ""The horizon is black, the storm threatens; let's work. This is the only remedy for the evil of the century"". I'm supporting you as a friend, you're not alone."
244,"obba fighting! just do what you should do, and ignore those ridiculous comments. no one has rights to force somebody to take reponsibilities that don't belong to him. Love you and wait for more your sharing!"
245,Me pretending to know what’s happening 😃
246,힘내시구요 당신을 응원합니다~~♡♡
247,상민이형 형따라썼어요 전 괜찮아요 형이 제글에 댓글만 달아준다면..
248,걱정되는 마음에 오라버니한테 DM 보냈었는데 다행이네요 😭
249,끈기와 인내가 결국 해내셨군요. 축하드립니다 👏😍😂본받겠습니다!
250,오늘하루 파팅입니다!!😍😍
251,Fighting🔥💪
252,항상응원합니다 성실하게 일하시고 빛도다갚으시고 열씨미사시는모습 보며 팬됐어요 아픈딸 ㄱ
253,힘내세요!! 상민오빠도 피해자네요😱😭
254,아...헐? 비싼데도 이상민 믿고 사서 계속 쓰고있는지 몇년된거 같은데 젠장...
255,손바닥으로 하늘을 가리려 하지 마세요. 교묘하네. 이걸 몰랐다고 하시는건.
256,👏👏👏👏👏👏👏👏👏👏
257,상민이형 그래도 지금 해가 뜨고 있는 중이니까 힘내세요! 응원하고있어요!
258,감사합니다 형 보면서 열심히 살고 있습니다.
259,이런일도있고 저런일도있고 ....항상 응원합니다
260,아고.그나마 다행이네요💦💦
261,❤️❤️❤️❤️💪💪💪
262,미용쪽에 있는 사람은 저 샴푸 나오는것도 알았고 상민형님이 갑자기 저기 모델 하시길래 엥? 쓰시던 샴푸랑 다른거고 저 샴푸는 미용실에서 그냥 공장 하나 뚫어서 자기네 묭실 브랜드화 시키려는구나 라는걸 알수 있었는데 어떻게 보면 상민형님도 피해자이시니까 잘 마무리하고 밝게 나와 주십쇼!!
263,지니어스때부터 계속 응원하고있습니다 👍🏻
264,상민씨 인성 바른 건 다 아는 사실이잖아요
265,👏👏👏👏 응원합니다~~~!!!
266,정말이지 지뢰밭같은 앞뒤없이 까고보는 저질비판들이 난무하는 유튜브네요ㅠㅜ 이젠 그런거에 안휘둘리는 사람들 많아졌어요. 더 많아져야겠지만 ㅠ 힘내세요!!!
267,화이팅 하십시요!
268,넘 스트레스 받지마시고요 이상민씨 마음 편하신데로 하세요
269,@dcnpark 또라인가!?괜히 열심히 사는 사람한테 시비걸지말고 니 일이나 똑바로해라.ㅇ
270,@futurefitness_jw
271,I'm sorry. I don't understand a thing but what is it all about?
272,과대광고라는게 참 애매합니다. 저도 어헤즈 썻지만 ... 효과좋아요!! 다만 그걸 너무 더 크게 과대해서 문제가생긴거죠. 저는 잘썻어요~~ 또 사고싶엇는데 핫딜이안떠서 못삿어요. 😭 핫딜때만구매햇던지라 ㅎ
273,상민형 힘내요 👍👍
274,❤️❤️❤️❤️
275,💖힘내세요 상민이💖 응원합니다!!
276,힘내세요..
277,라방(라이브 방송)도 해주세용!!😆
278,앗싸 앗싸~~!! 응원합니다~~~!!!
279,ㅋㅋㅋㅋㅋㅋㅋㅋㅋㅋㅋㅋㅋㅋㅋㅋㅋㅋㅋㅋㅋㅋㅋㅋㅋㅋㅋㅋㅋㅋㅋㅋㅋㅋㅋㅋㅋㅋㅋㅋㅋㅋㅋㅋㅋㅋㅋㅋㅋㅋㅋㅋㅋㅋㅋㅋㅋㅋㅋㅋㅋㅋㅋㅋㅋㅋㅋㅋㅋㅋㅋㅋㅋㅋㅋ
280,유투브 분위기는 답정너에요. 해명하셔도 들어주지 않고..ㅜㅜ 그것이 알고싶다같은 다큐멘터리처럼 전문적인 형식으로 시각적으로 알기쉽게 설명을 해보시면 어떨까요? 사망여우측 자료와 대조해서 어떤 부분이 사실과 다른지.. 특히 이겁니다가 어떻게 꼬인건지.. 하지만 이건 제 개인적인 생각이구요 주위에서 만류하면 하지마시구요.. 도움이 많이 못되서 죄송합니다 ㅜㅜ
281,"강아지 계정 차단하셔서 제 계정으로 왔어요!!! 뻔뻔하다는 말이 너무 쪽팔리셨는가봐요~ 이글은 맞춤법도 틀리셨네요!! 세상에 꼼꼼하신분이 왜이러셨을까....? ~의, ~에 차이 아직 모르시면 알려드릴까요?"
282,저도 ㅜㅜ 이상민삼퓨라고 사서 썼는데 ㅜㅜ
283,오빠.뭔일이래요.힘내시고 ~연예인은 참 힘드네요ㅠ.ㅠ
284,모델이잘못하면 배상청구하던데 사과문으루땡.ㅡㅡ
285,상민씨...그동안 힘든과정 잘견뎌살아왓고..지금까지 현실을 잘이겨내왓는데..이런일에 기죽지마세요.그리고 키보드워리어들은 헛점을 파고드는 쓰레기들입니다.너무 신경써지말고 앞으로도 지금처럼 즐겁게 살아가시면 좋을듯합니다.예전의 상민씨노래부른것처럼 즐겁게 살아갓으면좋겟어요.힘내세요.화이팅!!?
286,전 형님 응원합니다👏
287,응원합니다!! 삶으로 저에게 많이 도전을 주시네요!! 다른 사람들처럼 말만 가득한 모습이 아니라 멋진 삶으로 보여주시기 때문에 많은 분들이 응원해주시네요!! 좋은 하루 되세요👏👏
288,"안녕하세요 상민형 형 나오시는 차달남 미우세등 재미있게 보는 팬입니다. 최근 논란에 비난받으시는 모습 너무 마음이 아파서 메시지를 드립니다.
지금 여론이 너무 좋지 않아서 형님께서 직접 말씀을 해주셔야 잠잠해질거 같습니다. 올려주신 해명기사로는 많이 부족한거 같더라구여(얼굴 노출을 안하신것도 말이 많구요)
대표적인게
1.이상민도 어헤즈샴푸도 라스에서 언급한 샴푸가 어헤즈샴푸 아니라고 인정함
2.이상민은 라스로 인한 “이상민샴푸”검색어1위 이슈를 어헤즈 광고에 쓰이는지 몰랐다 해명
3.그러나 이상민은 어헤즈 샴푸 홈쇼핑등에 직접 출연하여 “이상민샴푸” 검색어1위 이슈를 이용해 광고함(증거영상있음)
몰랐다더니 직접 그 이슈로 홍보를 했다
이 문제를 주로 이야기 하던데 오해가 있으셨던 부분은 직접 말씀을 해주시고 사과하실부분은 사과하셨으면 좋겠다는 입장입니다.
정말 걱정이어서 드리는 말씀이니 기분이 상하신 부분이 있다면 죄송합니다"
289,"혹 유튜브 영상 편집된게 없으신건가요?
안올라와서요? 보고싶어요. 은근 중독성이요. ㅎ
죄송하지만 정말 전문적인 제품리뷰어는 아니시디만 컨텐츠 내용이 정감간다고나 할까요? 전문적이지 않는 듯하지만 친근감 가는 표현과 약간 전문적이지 않으신 제품리뷰가 정감가고 재미있는거 같아요. 새로운 영상 올려주셔요."
290,사망여우 업뎃 됐음요
291,날개잃은천사 표절곡이었나요?
292,Still remember when Seungri came to a brothers and told that GD was shy when Sangmin came to say hello 😃
293,Sangmin oppa you are legend 💕💝
294,✨✨✨Gdragon loves sangmin✨✨✨
295,우오... 태가 다르구나 벌써 스웩이 줄줄 흐르네
296,오👏👏👏👏
297,귀욤~~^^ 나 그대 우리모두😍😍
298,So beautiful omg ❤️❤️
299,King of k pop
300,Gd 😘
301,😘
302,"He has always been so cute. And the way he dances, never changed. ❤️😍"
303,👏👏👏🙊🙊🙊🙊
304,😍😍👏👏
305,you should tag GD
306,ㅋㅋㅋ
307,천사를 찾아~
308,나 그대 우리 모두
309,👏👏👏
310,ㅋㅋㅋ 상마인드형님 뿌듯 👏👏👏👏👏👏👏
311,🤣🤣당신아들닮았네요빨리결혼하세요소백합이랑결혼하는게좋을것같아요.
312,👍3.4❤️❤️
313,🤔
314,@love_mysarah 꺅 귀요미 지디당! 😍😍
315,😍 memories 💕
316,❤️
317,"날개잃은 천사는 당시, 국민노래였지"
318,👏👏Little Roo'Ra💙GD:)
319,Will you and roora make a comeback? 🥺
320,Three Four!!! ❤️❤️
321,3!4! Love 😍😍😍❤️❤️
322,날개를 빨리 찾으셔야 될텐데...
323,He is indeed king of kpop 😍😍😍 sangmin oppa 😍😍😍😍
324,Little roora 😂💙cute
325,lol
326,okay?
327,❤️
328,Muito fofo...❤️❤️❤️
329,🤩😍🤩
330,Adorable 💙😂
331,I love you ❤️❤️
332,❤️❤️❤️❤️
333,악 너무 귀엽당ㅎㅎ
334,😍😍💛💛💛💛💛
335,💗💗💗💗
336,@xxxibgdrgn
337,구ㅏ여워👍🏻
338,❤️❤️
339,❤️❤️❤️
340,@elsy_e93 😂😍❤️
341,😂😂😂😂
342,little roora 💗
343,Cute💕💕💕💕👑
344,😍😍😍
345,❤️❤️❤️✨
346,Cute🤣🤣🤣🤣
347,Always!!my king!!
348,🔥🔥♥️♥️
349,❤️❤️❤️❤️
350,GD Socute
351,👏👏👏
352,@xxxibgdrgn 어린 GD 오빠 ....... ❤️
353,I died when I saw this
354,❤️❤️❤️❤️😍😍😍😍kiyo
355,❤️❤️❤️❤️
356,Wow!
357,🌹🌹🌹🔥
358,😍😍😍😍
359,@y_eonn.kk 대박
360,Little GD
361,다른 멤버는 뭐하고 있을까
362,I love
363,@sara.raquel._
364,@xxibgdrgnnxx
365,💟💟💟💟💟💟
366,💓💓💓💓
367,@xxxibgdrgn i hope you see this love!!!😭💖
368,IM 16 and i love 3 4 !!
369,@xxxibgdrgn Jiyong Oppa 👍
370,❤️❤️Born to be a ...👏👏👏😂
371,Does he talk about you now
372,@sangmind32 Hyung really is the God of music. Spotted this talent so early 👌🏽💯🔥
373,@dddonghyun 멋지네 애기 지룡쓰 ㅋ
374,사망여우 보니깐 알기쉽게 증거 다 보여주던데요...넘안타까워요!!에휴!!
375,he just cant wait to see GD comeback😁
376,💙💙
377,ㅇㅇ
378,👍👍👍👍👍👍
379,✊🏻🙆🏻‍♂️🌙
380,꺅~~~👍👍👍
381,😍😍😍😂❤️
382,😍😍😍😍
383,권지용 너무 오랫만이에요.권지용 룰라춤출때 제가 룰라춤을 가르쳐 줬어요🥰🥰🥰
384,I love you gdragon😄😘
385,Cuteeeeee 😍😍😍😍😍😍💙💙💙💙
386,"oppa fighting, sending you big love❤️"
387,오빠 맛저하셨나요?❤️ 오늘 하루도 너무 고생 많으셨어요🙏❤️ 오빠는 존재만으로 소중하고 사랑받는 사람 ❤️ @sangmind32
388,"G dragon don't wanna remember this time,so stop 😂😂"
389,힘내세요 상민님^^
390,온 국민이 룰라 노래를 사랑했던 그시절 그립습니다 가수 이상민 프로듀서의 이상민 작곡가 이상민 어떤것도 뒤쳐지지않으셨었져 언젠가 그모습을 볼날을 기다리고 믿습니다~힘내세요
391,상민씨 응원합니다👍
392,상민오빠 fighting
393,사람 참 안바뀌네여 상민님 ^^ㅋㅋㅋㅋㅋㅋ
394,곧 하차❤️
395,🤣🤣🤣🤣 내가 깍아줄게 넘 웃겨요🤣🤣🤣🤣
396,"오빠 여러분, 더보이즈와 에이비식스를 초대합시다. 정말 기대하고 있어요~~^^"
397,❤️❤️❤️
398,ㅋㅋㅋㅋㅋㅋㅋㅋㅋ 오빠의 욱한 발성
399,ㅋㅋㅋㅋㅋㅋㅋ😩💓
400,Now i know how international ARMY feels when there is no CC on videos that BTS is speaking.
401,ㅋㅋㅋ 따라가서 한번 체험 해보세요 😊
402,😉😉😉😁😁😁😁👍👍👍💖💖
403,🤣🤣🤣 so much cute❣️
404,😘
405,💙
406,ㅋㅋㅋㅋㅋ😂
407,Oppa you're so funny hahahaha
408,😂😂😂😂😂
409,Esse show é excelente!😘 🇧🇷🇧🇷
410,😊😊😊
411,하지마요. 슬퍼요 😂😂😂
412,🦶🏼
413,내가 깎아줄게 ㅋㅋㅈㅋ
414,ㅋㅋㅋㅋㅋ
415,Hyung english sub please 🇵🇭💯🤟🤣
416,"Acara paling aku tunggu"" yang selalu buat tertawa😆from indonesia"
417,ㅋㅋㅋㅋㅋㅋㅋ 넘 웃경
418,"ㅋㅋㅋㅋㅋ Semngat Terus Hyung, Semoga Selalu Bahagia, Leader Roora Fighthing 👏👏"
419,C est une super émission . Mer
420,Ahahahahaah😂
421,Elle met en valeur les invités... beaucoup d humour...un bon moment à chaque fois
422,I don’t fully understand but it’s something about how much money JangHoon-shi makes from basketball
423,이건 뭔가요?? 띠용 ㅋㅋㅋㅋㅋ
424,Sangmin oppa I love you❤️
425,ㅋㅋ ㅋㅋㅋ ㅋㅋ
426,😂발톱 ㅋ
427,🤣🤣
428,등골이 오싹해지네요....😇
429,안돼요~~
430,😂😂
431,😄🤣💕💜💜💜
432,어우 스티치 제발 플리즈 마르지엘라😆
433,허어어억😱
434,ㅋㅋㅋ
435,❤️
436,I remember this movie... so scary~
437,💕
438,😱😱😱
439,😂😱
440,첫번째ㅜㅜ딱 저...같은사람
441,😮😮
442,밀크🎅🎅🎅
443,오프화이트 거슬려서 자른 1인ㅠ
444,전 오프화이트 신고 친정가면 다들 가위들고 달려드심.... 🤦🏻‍♀️
445,ㅋㅋ 두번째사진 🙋‍♀️를 보는듯요~~🤣🤣🤣
446,거즘 고문 수준인뎀-_-
447,🤭🤭
448,2번째 사진.. ..전..줄.... ..
449,채리나씨가 오프화이트 가위로 자르고 신었다고했었죠ㅋㅋ
450,아 제발😭😭😭😭😭😭ㅋㅋㅋㅋㅋ
451,^^
452,우앜ㅋㅋㅋㅋㅋ 마르지엘라 공감이요 ❤️❤️
453,소리 지를만한데요ㅋㅋㅋ
454,😂 제시 처음에 다 잘라내고 신어서 알려줬더니 이젠 잘 남겨두고(?) 신는 다는 말 생각난다 😅
455,@unihouse16 ㅋㅋㅋ두번째😭😭😭
456,"@j2ns5n2 저거 언니 지갑?ㅋㅋㅋ아닌가요,"
457,💖
458,아 짜르고 뜯고 하는게 아니군요^^ 새거샀다고 자르는쥴
459,@hihi4796
460,센스짱 ㅎ
461,ㅋ ㅋ ㅋ
462,오우 끔찍해라
463,Invite Stray kids please 😭
464,😍
465,음악의신 인정👍👍👍👍👍👍👍
466,🤩🤩🤩
467,😍
468,👍👍👍 역쉬😍😍😍😍
469,😁
470,I love you ❤️❤️
471,음악의 신 시즌3 가즈아🔥🔥🔥
472,❤️
473,You're on top of it❣️😊
474,god of the rap
475,음악의신 제발 3 부탁합니다 . 요즘 탁궁케미 음신보는것같아 재밌어요
476,좋은 음악 많이 들려주세요~ 💕 연말에 어디 가지도 못할 것 같은데 집에서 좋은 음악 듣고 기분내고 싶어요 😘
477,음악의신 또 안하나요? 제발또해줘여😭
478,😂😍❤️
479,음악의 신 시즌3 함 가시죠~~ㅎ
480,You’re the best ❤️❤️
481,I miss god of music
482,음악의신!!!!!👏👏👏👏👏
483,Thats right. Sungmin is the god of music and no one can replace him😌💐
484,Good morning😁
485,❤️
486,I miss suju come to knowing brothers💙
487,"Lee Sang-min, the God of Music"
488,What episode?
489,어제 토요일 아는형님 너무 찐짜로 잘봣어요
490,Please invite #treasure @yg_treasure_official
491,허위사실 유포면 법적대응 해야하는게 일반적인거 아닌가요..? 허위사실이 아니니까 법적 대응을 못하시는거같네요. 악플이아니라 진심으로 하는말 입니다 . 거짓말을 덮으려고 더 큰 거짓말을 하지마시길 바랍니다. 가족에게 지인에게 부끄러운 사람이 되지마시길..
492,"유튜버들에게 초상권 이슈 제기하면 안되요? 공식적인 입장 얘기했음에도 유튜브, 카페, 블러그 등에 이상민관련 영상과 글들이 늘고 있어요. 이젠 샴푸말고도 예전 빚 얘기부터 이혼얘기 등... 조회수 구독자수 늘려서 돈벌려고들 그러는 거 아닌가 싶어요. 초상권에 명예훼손까지해서 형사권 발동하면 감옥가기 싫어서 빨리 빨리 네 네 하면서 악의적인 영상들 사라지지 않을까 싶어요. 나중에 처벌받지 않게 선처나 합의를 해주시더라도 강하게 대처하는 것이 맞을 듯이요."
493,네 ^^ 감사합니다... 참고하겠습니다~ 너무고마워요...
494,잘 모르면서 쉽게 말하는 사람들 많지만 오빠를 믿고 응원하는 사람들이 더 많이 있으니까요💕 마음 다치지 말고 오빠는 늘 하던대로 오빠답게 있어주세요❤️ 저희도 늘 그랫듯 오빠 믿고 응원할게요💪🏻💪🏻💪🏻💕
495,내스타 항상 응원해요ㅠㅠ❤️
496,오빠 ❤️❤️❤️❤️❤️ Sending you lots of love 🙌
497,💪🏻💪🏻💪🏻💕
498,저두 항상 응원하고있아요~~❤️❤️❤️
499,♡♡♡♡♡♡♡♡♡♡♡♡♡
500,힘내세요!!! 말과 글들에 담긴 독...특유의 관대함과 배포로 잘 거르셔서 항상 건강하시고 행복하세요~~👏👏👏
501,❤️❤️❤️❤️❤️❤️❤️❤️❤️❤️❤️❤️❤️
502,형님 항상 응원하고 있습니다💪💪 파이팅!!! 입니다!!!
503,영향력에는 책임도 따릅니다. 사실 확인도 안하고 정의의 사제인거 마냥 찍다니..
504,❤️
505,논란이 있었나요? 저희는 신경 안씁니다.
506,말을 하지 않아도 알 수 있는 좋은 관계들이 있고~ 말을 하면 그대로 또 받아들일 수 있는 함께하는 마음을 지닌 사람들이 있어요^^ 때론 내 사람이 아닌 사람들의 말과 행동에 무너져내릴 것처럼 아픈 시간이 오기도 하지만 사람으로 아픈 마음도 사람으로 치유받기도 해요😊 좋은 곳에서 따뜻한 저녁 드시면서 좋은 사람들 생각하시고~ 마음 나누세요~~^^ 오빠 늘 기도하고 응원합니다🤗🤗🙏🏻❤️
507,Be strong!
508,행복한주말보내세요♥♥♥♥
509,조용히 응원하는 사람들이 더 많아요❤️
510,"Don’t worry,we trust you 😊"
511,응원하구 있어요❤️❤️
512,힘내세요~~~유튜브 잘보고있어요ᆢ도움 많이되요 ㅎㅎ 홧팅❤️❤️❤️❤️💛💛
513,무한 응원합니다 늘 보면서 힘 내고 사는 사람입니다
514,정말 이상민님 인스타그램만봐도 절대상업적이지 않은 인스타이고 항상 응원메세지만 올려주시는 희망에아이콘인데 샴푸회사가 이상민님을 이용해서 허위광고로 돈벌어먹고 너무속상하지만 항상 화이팅하는 모습 보여주세요 . 유튜브방송도 정보를주기위해 시작하신건데 너무 재밌고 너무 좋은방송인데 너무속상합니다
515,항상 응원합니다 😍
516,❤️❤️❤️
517,❤️
518,상민오빠 파이팅!
519,💪💪💪💪💪💪💪💪💪💪💪💪
520,😍
521,❤️
522,ㅣㅇ월의 마지막 밤처럼 그냥 떠나 보내세요. 연예인이라는 직업이 주는 스트레스에 말리지마세요 당신을 응원하는 이들이 더많다는것을 잊지 마시구요 괜시리 걱정되서 첨으로 댓글 남겨봅니다~^^ 😅
523,연예인 별로지만 상민오빠 응원합니다. 진심 잘됐으면 하는 연예인^^😍
524,一直支持，一直关注，永远是你的粉丝！
525,You have fans around the world 💌 and we are going to be by your side
526,힘네세요 늘 응원합니다🔥🙌🙌
527,We always going to support you Sangmin 🙏🏻 Stay strong and you are doing really well 💗
528,❤️
529,저는 원래 선동 안믿었어요. 기운내시구요. 이 스트레스를 잘 극복하시고 좋은 음악으로 들려주세요 💕😘👍🎂🌹
530,허위사실이라는 기사가 나갔습니다. 기자는 모든 자료를 토대로 취재로 사망여우가 이상민에대해서는 허위라는 내용을 기사화했습니다. 이상민님은 얼마나 힘들고 화가났을까요? 유튜버 사망여우가 연예인 이상민이 허위광고를 했다는 의혹을 제기해 논란이다. 사망여우는 이상민이 유명 예능 프로그램에서 출연해 출시되지도 않은 샴푸제품 A를 홍보했다고 주장했다. 하지만 인플루언서닷컴의 취재 결과 이 주장은 허위였다.
531,I’ll watch it now 🔥🔥
532,👍👍👍
533,"obba,be strong.we bellieve you and support you! (hug you,and say no to those cyberbullying!"
534,I love you ❤️
535,❤️🤓
536,👍👍👍💪💯
537,❤️❤️❤️ We are always with you
538,❤️❤️❤️❤️❤️🔥🔥🔥
539,형님 인생 데스매치 승리하시기 바랍니다
540,eng. sub. for your global viewers😀
541,@sangmind32 make KJK X Jessi duo happen !!!
542,洗发水本来就是经常换，谁会一辈子用一支，产生依赖性，不理解有什么可喷的。在别人开频道的日子上传视频，还顾水军到处发布，心里阴暗，不投诉厂家消协，蹭李尚敏热度干嘛，那狐狸真卑鄙
543,"싹쓰리,환불원정대 아이디어 주신것처럼 음악의신으로 돌아와주세요"
544,힘내요
545,💪✌️😍
546,그랬군요
547,힘내세욤! 채널잘보고있어욤👏
548,유투브 프리미엄 부럽다..
549,응원합니다.💕💕👏👏👏❤️❤️❤️
550,Never Mind.
551,오빠 음악의신이요 ㅠㅠ 아 정말 너무 그거 새 시즌 보고싶은데 제발요 ~~~
552,"He wrote in the video photo

""I will inform everyone"" ※ The community has not been opened, so I will upload a video ※ For the corresponding content, please read the information section below"
553,😮😢👏 화이팅요 ^^🔥
554,오빠 힘내세요 😍
555,항상 응원할게요.😊 힘내세요.🙏
556,이번엔 거울 때리지 말아요..
557,❤❤❤❤❤❤❤❤
558,@sangmind32 그런데 안경테 어디껀가요? 테두꺼운 뿔테요.
559,加油！！frighting，看到之后真的很心疼尚敏叔，真的看的心痛
560,모이지 맙시다 ㅎ
561,항상고운말해주셔서고맙습니다~상민님도많이행복하시어요~~❤️❤️❤️❤️❤️
562,대박👍👍👍 나 이거 퍼감🤣🤣🤣
563,👏👏👏항상 즐기면서 고객과 함께 즐거운 파티처럼 영업 했는데 !! 올해는 아무런 치장도 모두 생략하고 방역수칙 지키며 오늘도 화이팅 하려고요~~
564,선글라스 너무재밌어요😍
565,❤️
566,Enjoy it 🙌 always smile 😁
567,👏👏
568,계란후라이가 참 잘됐네요 👍
569,어헤즈 ㄷㄷ
570,후라이 넘 먹음직 😋❤️
571,❤️❤️❤️
572,😻
573,😍
574,Looks so delicious 😋 enjoy it😘
575,계란후라이가 넘이뻐요~^^
576,유령이 될수있다는 대목에서 빵 터졌네요^^ 상민이 오빠도 식사 맛나게 해여~
577,멋진분👍 리스펙트합니다 늘❤️
578,맛점하세요~~😋😋❤️💛❤️💛
579,💕
580,I love you ❤️❤️
581,♥️
582,Yes~~~!!
583,어머 점심은 뭐에요?
584,센스쟁이 ㅋㅋㅋ 진짜 유령이 될 수 잇다니
585,🎃👍👐
586,내스타도 맛점이욥💕
587,에브리띵 시즈닝 같은데...
588,맛난 점심은 뭐죠? 순두부찌개 인가요?
589,@hyeyeon__1004 ㄷㄷ
590,맛점하셔용~~~^^ 😍😍😍😍😍 오후시간도 홧띵홧띵~!!🤜🤛
591,진짜 대박리얼이에요.☻
592,계란 어떻게 하셨어요?
593,전 깐밤 20알로 점심을..ㅋ 해피런치~^^🐣👻
594,맛밥하세요 ㅎ 커피너무드시지말고요 ㅎ
595,맛나보이네여 어디식당인가여
596,상민이형 존나 멋있어
597,지금 트로트민족 보고있어요. 멋쪄요~~오빠 자신감~뿜뿜~~!
598,후라이도맛나게하는 상민쓰옵바
599,코로나 할로윈 뭔가 무서워 ..ㅎ 이태원가보려구요!😁 오빠오늘두힘내요오 멋진사라암 화이팅❤️
600,맛있겠당^^~~ 올해 할로윈은 가족과 함케 집콕~~ 어떠셔용? 👏👏👏😀
601,이상민 측은 앞서 언급한 주장들에 대한 근거 자료들을 제시했다. 인플루언서닷컴은 이상민이 증거로 제공한 자료를 검토해 위 주장들이 사실이라는 점을 확인했다. 이제 남은 문제는 사망여우가 유튜브에서 주장한 내용 중 일부가 허위로 드러났다는 점이다. 사망여우의 허위사실 유포 행위에 대해 이상민 측은 “법적 대응까지는 아직 생각하고 있지 않다”고 입장을 밝혔다.
602,어헤즈
603,갑자기 오빠 공연하는 거 보고싶어졌어요😢 언제 다시 볼 수 있으려나..
604,오빠 랩 라이브로 듣고 싶다 ~~~ 오늘도 수고많으셨어요 💕
605,Cool😘
606,I love you sangmin❤️❤️
607,I get confused with these two ladies at times. 😊
608,언제보아도 좋아요^_____^ 올해 가기 전에 오빠 보러 꼭 가야지~^^ 갈래요~ 꼭^^ 이제 지방출장 갔다가 서울 들어왔어요~~^^ 오늘도 애쓰셨습니다^^ 푹 주무세요~~^^❤️
609,😂
610,😂
611,Ohhh 👍
612,상민이 오빠 랩 다시 들어도 최고네요👍👍
613,❤️❤️❤️
614,😁😂
615,올~~~~~~ 😍😍😍😍😍😍😍
616,😄💖💖💖
617,😂😂😂😂
618,👍🏼
619,❤️❤️
620,이건 궁상민아니고 이상민 아직도 브로스 생각하면 소름돋음👍
621,Ahahahahah😂🔥
622,오빠! 넌 최고야!
623,♥️♥️
624,🤣🤣🤣🤣🤣🤣
625,빵 터졌😹 상민오빠 good night
626,🤣🤣🤣😂😂😍💕🥰😆
627,❤️❤️❤️❤️
628,크라잉랩하는 이상민님 목소리에 칼있으마가 느껴진다 ^^크라잉랩잘하는 상민님 엄지척
629,역시 김종민.. never disappointed 😂😂😂
630,진짜 독보적이야 👍👍👍
631,이건 상민이 행님 따라갈수가없죠 ㅎㅎ독보적입니다
632,실망입니다 저는 이만 🙋‍♂️ ✂️ 수고하세요
633,오늘도 까까까~~~~~💕 😊 보기만해도 혈압 살짝 올라오네요 🤦‍♀️🤣 다음편도 기대할께요 💪
634,♥️
635,마술사의 손같아요~~~^^
636,❤️👍
637,외관은 멋있었는데 😂
638,어헤즈 샴푸 살까 싶은데 리뷰 부탁드려요 숱을 더 키우고 싶어서요!!👍🏼
639,😘
640,좋은데요.....흠
641,네이버에 검색해보니 안나와요
642,제품이름이 뭔가요?
643,형님 얼만가여
644,🌙
645,Sangmin fighting!! Thanks for uploading!!
646,감사해요!늘 즐거운웃음주셔서🤗
647,So funny!!!!
648,수고하셧어요👏👏 👍👍
649,Love this segment. You are all so funny! 😂😂Jessie and Kim Jong Kook!😍😍👍👍
650,😘
651,😂😂😂
652,ㅋㅋ컨츄리코코ㅋㅋㅋㅋㅋㅋ🙊🙊🙊🙊
653,아 너무 웃겨요😂😂
654,컨추리코코로 올 킬🤣🤣🤣🤣🤣
655,항상 본방사수👍👍👍
656,🤣🤣🤣 오빠도 우리도 모두 넷네코...코..👃🥥 😊💕
657,고생하셨어요 꿀잠주무셔용~~^^❤️❤️
658,❤️
659,코코😍😍😍
660,😂😂😂😂😂
661,👏👏👏😍😍kjk😍jessi
662,재후니오빠님은 늘 사람 배꼽 빠지게 하네요 ㅋㅋ😆😂😁
663,아 이거 너무 웃겻어요 ㅋㅋ 코 > 코코 > 컨츄리코코 ㅋㅋㅋㅋ
664,좋은꿈 꾸세요~😍
665,코코🤭🤭🤭뒤늦게 이해한 1인🤣
666,What's the variety? I know the logo but I forget that😅
667,ㅋㅋㅋㅋㅋㅋ 😫💖 Sleep tight oppa!!
668,这段真的 超级好笑🤣🤣🤣🤣🤣
669,코코는콜라
670,😍😍😍😍😍😍
671,ㅋㅋㅋㅋ
672,I love Jung Kook and Jessica😍
673,❤️❤️❤️
674,😢
675,kuya @ryanbang you do watch k shows din pala
676,"😍sigue así!!!! Trabaja duro 💪Quiero ver ese programa, pero mi coreono es inexistente y mi ingles muy malo, no he podido encontrar lo capítulos sub. en español😭, algún día lo haré aún que sea an mucho tiempo pero lo haré."
677,Are they pushing them together? I don’t like when he says he never saw her as a woman.
678,ㅋㅋㅋ ㅋ환상의 콥비👍👍
679,다시보기로 보구 지금 막 끝나서 띠비끄구 누웠는데.. 상나잇~~^^
680,상민오빠 경훈오빠한테 생일축하하다고 전해주세요^^
681,보다가 빵터졌 ㅋㅋㅋㅋㅋㅋㅋㅋㅋㅋㅋㅋ탁사마는 진짜 여전히 너무 웃겨요 ㅋㅋㅋ
682,Coco 🤣🤣
683,😊
684,궁금하네요 본방 볼께요 ^^
685,본방사수~
686,😍
687,😘
688,밀크🎅🎅🎅
689,덕후시네
690,누굴까요?오늘 꼭 봐야겟네여🙄 궁금해서🙄
691,어떤 사연일까요... 하지만 잘 풀으셨겠죠? ^^ 서로의 마음이 하나 되어지는 따뜻한 시간이길 바라요^^🙏🏻 지방 출장 시작되어 KTX안~~ 본방은 못 보지만 나중에 꼭 챙겨 볼게요^^ 저녁 잘 챙겨 드세요^^❤️
692,@junojani
693,형 샴푸나팔아요
694,이거 보다가 세탁기 더 궁금하신 분 생기겠네요 😂😂😂
695,Hello~ Can I buy it in Taiwan too?😍
696,😘
697,재밌었어요👏👏👏
698,샴푸가어디있더라
699,애기들 귀여워용❤️
700,❤️
701,👍👍👍
702,You are the best 😍😍💖
703,ㅋㅋ이거봄요ㅋㅋ 그냥 신발은 세탁소에 맡기는걸로ㅋㅋㅋ
704,I love you ❤️❤️
705,😍
706,You’re the best ❤️❤️❤️
707,Love you from Persia😍😍💖
708,🤯
709,형님 이게 형님이 사비로 사서 하는 살까말까이고 실제 영상을 다 보니 사지 말라는 내용이었어요 근데 제목이 가성비 갑이라고 꼭 광고 영상처럼 적어놓으시니 사람들의 오해를 받는 것 같습니다.
710,형님 이게 형님이 사비로 사서 하는 살까말까이고 실제 영상을 다 보니 사지 말라는 내용이었어요 근데 제목이 가성비 갑이라고 꼭 광고 영상처럼 적어놓으시니 사람들의 오해를 받는 것 같습니다.
711,可以配英文吗，我真的看不懂🤣
712,"Hello Sangmin oppa, I really like your product review videos. It would be even greater if you can upload videos that teach us how to cook food. ❤️ You are an excellent chef and I want to learn from you. Fighting!!👍🏻 And please upload English subtitles if possible~~😁"
713,저 마스크 그래도 쓰셨어요 🤣🤣🤣 오늘 찡코 등당 안했네 ^^;;;
714,와우 벌써 Ep3 ❤️❤️ 유튭 열일~~👏👍 나중에 유튜브 이벤트같은것도 하면 좋을꺼가타요 😆
715,我就说是广告，刚才有人告诉我不是广告🤣
716,꺄ㅋㅋㅋㅋㅋㅋㅋㅋㅋㅋ❤️
717,💕
718,♥️
719,제 댓글은 지워졋네요 여기에 샴푸여쭤봣는뎅~~
720,❤️
721,ياحلوك
722,저건 기자님의 실수이신듯 합니다ㅎㅎ
723,맞아요! 기자님이 오타낸거..ㅎ 김종민님도 순수해서 사람 좋아보이더라구여👍
724,"So sad. I dont understand 😭 uncle, english please"
725,❤️
726,What show is this? Korean comments can not be copied 🤪Can answer in English
727,ㅋㅋ김지섭 매니저가 아니네요
728,😂
729,우리 리나언니를~~~~ㅠ이런 기자님 미워요~~
730,형님 지미유형님과는 어떻게 알게 되신건가요?ㅋㅎㅋㅎㅋㅎㅋㅎ
731,🤣🤣🤣 방금 찾다가 댓글 남기고 이제 이거 보는 거네요 ㅋㅋㅋ 요즘 해외 배송 좀 어려워져서 가격 더 낮게 하면 배송시간 길어질 거니까 ^^;;; 오늘도 화이팅 홧팅 😊
732,oppa fighting!!💕
733,우와~~👍👍 역시 오빠 🙌 좋은하루 되시구 화이팅이요 ❤️❤️ 저가방들고 여행가고싶네요 ㅋㅋ
734,사랑해요❤️
735,구독 꾸욱 눌렀씀당
736,这么快又有广告了🤣🤣🤣
737,상마인드 홧팅
738,어엇~?! 😅
739,"우오,,"
740,멋지네요~^^/싸게 사서 함께 공유하고~/함께하는 세상~
741,와우 1빠!~
742,구독과 좋아요 모두 눌렀어요 저의 낭군님이 이상민님을 존경하는 사업멘토로 삼고 있어요. 뭐든 멋지게 잘 되주세요♡늘 응원드립니닷👍🤗
743,💕👍
744,👏👏👏👏👏👏👏👏
745,👍👍👍👏👏👏👏👏😍😍
746,So beautiful and cute ❤️
747,I love you ❤️❤️
748,👏👏👏
749,👍👍👍
750,좋은 정보 기다려요~~ 오빠~~^^ 전에 팬미팅했던 장소 근처에 있는데 추억돋네요^^ 오늘도 즐겁고 건강하게 화이팅입니다🤗🤗💕 뽜이팅~^______^요~~^^❤️
751,모기 퇴치기 포충기 했음 좋겠어요오~~ ^^
752,누가누굴까ㅋㅋㅋㅋ
753,@christinelimpark show oppa :)
754,오빠 눈팅 하다가 첨으로 댓글 남겨요~ 확인 하실지 모르겠지만 오빠도 오늘 하루 고생하셨고 항상 행복한 일만 있길 바랄게요😉👍🏼 사랑해요~🥰🥰
755,잘자용❤️❤️
756,❤️❤️❤️
757,또또~❤️ 반가워^^ 오빠랑 따뜻하게 자~~^^ 그리고 오빠~~!!^^ 오늘도 많이 애쓰셨죠?^^ 함께하는 좋은 분들 생각하고~ 예쁜 시간들 생각하면서 오빠도 꼭 좋은꿈~ 예쁜꿈~ 행복한 꿈 꾸세요^^ 아침에 일어나실 때 개운하고~ 즐겁게 미소지어지는 밤이길 소망해요^^
758,Love your comedy
759,🥰😍😊
760,😻또또
761,잘자요🖤
762,아옹~~~넘 이쁘잔앙^^😊
763,😊 오빠도 고생많으셨어용 ~~~내일 위햐서 우리 모두 잘자요 😴
764,오빠..❤️❤️ 안녕히주무세요❣️Sweet dreams 😽
765,Ay so so swift... 😍❤️❤️
766,감사합니다👍안녕히주무세용😊
767,세상에서 가장 행복한꿈 꾸세요~~~^^ 예쁜 또또도 잘 자~♡
768,Soo cute..
769,OMG this little baby is so cute.
770,Good night
771,정말 존경해요~대인배라는건 누구나 될 수 없다는거 그 힘든건 대인배만이 이겨낼 수 있다는거 몸소 현재진행형이시잖아요 하루하루를 즐기시며 행복하세요 정말 팬입니다^^
772,또또~^^♡❤️♡❤️♡❤️♡❤️♡
773,"상민안녕하세요.당신의노래가너무마음에들어요.노래한곡추천해요.정말듣기좋아요.가수:那英,노래이름:你不是说。너는프로그램에서너무귀엽다.너의프로그램을보는것을좋아한다.당신의중국팬♥️♥️♥️"
774,24시간 간신히 등록됐습니 또또 안녕🍀🍀
775,😘
776,또또💤
777,🤩🤩🤩
778,👍
779,오빠도잘자요👍😁
780,자는건가요? 귀엽..ㅎ
781,🌙🌙🌙
782,눈부시냐옹?집사야 불꺼~ㅋㅋㅋ ❤️❤️❤️넘귀욤
783,또또 미모는 늘 세월을 빗겨가고 😍😍😍
784,Omg... Sooooo fucking cute 😍
785,❤️❤️❤️
786,이름부르니 눈가리는게 너무 귀엽네요.사람 같아요..가족이죠.~^^♡
787,Que gatito tan hermoso es tuyo
788,Heureux comme un chat...très jolie philosophie👏💫
789,"2-3일 퇴근시간 조금 당겼어요^^ 청소하고 빨래하고 정리하고~ 약간 여유있어 좋아요^^~ 내일부터 지방 출장이지만 그래도 그것도 괜찮고~^^ 매일매일 주어진 시간, 만나는 분들, 할 수 있는 일들, 그리고 지금, 오늘에 감사하며^^ (오빠 말따라) 오빠~ 많이 좋아합니다^^ 히~~^^ 늘 말하지 않아도 매일밤 굿나잇~ 상나잇이예요~~^^🙏🏻💕 그리고 매순간 화이팅~~^^ 마음속으로 늘 외쳐요^^"
790,💘💘💘💖💖💖
791,아 ㅠㅠ
792,눈 가리는거 실화입니까?귀여워요 원래 냥이 디게 무서워 하는데 눈빛땜에 얘는 쫌 귀엽네여? ㅎ 벌써 새벽입니다. ㅎㅎ🐈🍒
793,꺅♥️♥️♥️♥️♥️♥️
794,괜찮아보여서 좀 더 찾아보니 네이버에서 ‘클랩튼 폴딩 수트케이스 보스턴백’ 으로 찾아보니 많이 나오네요. 국내회사기 중국에서 oem 생산했다고 써있고요. 가격은 무료배송으로 4만원 초중반이고요.
795,탐난다
796,아 괜히봐버림스....
797,"sang min , my suggestion is to bring an english subtitles , because you'll gain viewers and subscribers globally . and so on , have a nice day 🌹"
798,Buen video super interesante 😉 buenas noches para ti 😊
799,I loved your youtube video🙌🙌 it was helpfull
800,탐나요~~~^^👍👍👍
801,😍😍😍
802,"hope u can provide english subtitles for international subscribers like me huhu💙 i think i will be loving all your videos, oppa"
803,😘
804,앗...! ^_ㅜㅋ
805,오~이런 실속 정보 넘 쪼아!
806,정보왕👍 이제품은 괜찮던데요😋
807,"You have interesting content, unique editing and not too long👍 especially Jjingko is so cute😍 I'm waiting for your next videos😊"
808,저이거몇년전 항공사 기내면세품으로 사서 쓰다가 안에고장나는바람에 없애버렸는데
809,첨 보고 바로 사고싶단 생각이..ㅋㅋ 잼나게 잘봤어용👍👍
810,카드는 급할때 하나면 괜찮을것같은데요
811,❤️❤️❤️❤️❤️
812,Ok☺️
813,광고보고 살것같아요^^;;;
814,재밌네요ㅋㅋㅋ 👍👍 20불만큼의 값어치인듯😂
815,😘
816,👍🏻시청완로
817,.!*@
818,🤣너무 웃겼..
819,👀
820,괜찮던데요?^^🙋‍♀️👍👍👍
821,다시보니 또구매하고싶네요~레알편하구좋음요
822,밖에 있어서 아직 제대로 못 봤는데 진짜 찡코 출연 욕심 많군요 ㅋㅋㅋ 😂 💪💕
823,신랑 이거 써요~완전 좋아요!!
824,Good work! ❤️
825,Nice glasses!
826,Figthing !!💪
827,"Oppa seems have lost some weight, good 😌"
828,담달 아이랑 한국 잠시 들어가는데.. 아마존에 있을까요?
829,이거어디서 파나요? 제가담달출국해서😂
830,아대박ㅋㅋㅋㅋ오빠ㄱㅋㅋㅋㅋ귀여워여😁
831,잘봤어요 점점 기대되용👍👍😍😍😍😍😍
832,항상 재미지게 잘 보고 있습니당👏👏👏
833,뻑가 유투버가 말하는 어헤즈 샴푸 사건이 뭔가요??!
834,네 스타일이 최고야. ❤️❤️
835,화이팅요정💪🏻💕
836,💕😊👌
837,콤비여 둘이 👍 탁오빠 배꼽 빠져요😍
838,화팅~!
839,습기가 너무 차네요
840,❤️상민각
841,❤️
842,마스크 너무 좋은거 같은데욤 ㅋㅋㅋ👏 화이팅화이팅 👍
843,홧띵~~!!맛저하셔용 6시45분~👍👍😍😍😍
844,상마인드형님 오늘도 힘내십시오!!
845,❤️
846,"美男子
👍"
847,Fighting. Two best couple hahah
848,ㅋㅋㅋㅋㅋㅋ❤️❤️🙌
849,😘
850,잠수해도 되겠네요👍
851,You two again?😂😂🤣
852,그 투명 마스크 따뜻해보이네요🤣
853,마스크에요 모에요?
854,kkkkk
855,상민오빠...늘 응원하고 사랑합니다..저도 응원해주세요..
856,엘베샷🤳🏻 ㅋ
857,오빠 센스 점점 더 진화 하는거 같아요♥️♥️
858,오홋 탁😋
859,어! 이거 심박한데~~어디서 팔엉^^♡
860,오빠 ㅋㅋ 고런 마스크능 어기서 사셨어요?? ㅋㅋㅋㅋㅋ
861,상민행님 ❤️
862,👍👍🤣안무거워요?귀아플것같애요😭😭ㅋ 안경만으로도 아플때도있는데😭
863,ㅋㅋ
864,Man that mask works well with a hazmat suit
865,Did tak jae hoon using IG? U too like a soulmate. Sending 💜💜💜💜
866,샴푸 뭔가요??
867,Interesting...
868,이상민씨가 하고 계시는 마스크? 어디서 구매하나요
869,"필리핀에 두딸들과 함께 있는데, 정만 우용할거같네요 여긴 페이스쉴드 없이 그어느곳도 출입이 안되요. 제품명을 정확하게 알려주세요"
870,행복하게사시는것같아요 😍
871,근데 입가에 습기...
872,저희 크루랑 같이 비보이 퍼포먼스 한번 만들어보시는거 어떠신가요?!
873,쓰레빠는 구짜네용 귀여우신분
874,우와~~ 탁재훈 오뽜닷!!!
875,"저는 이상민님의 오랜 팬입니다. 어제 새로 시작하신 유튜브 검색하려다 사망여우 콘텐츠를 보게 되었고, 평소 한쪽 입장만 듣고 치우치는 성격이 아니라서 바로 대응 안하시는 것도 뭔가 이유가 있겠지. 라고 생각하고 기다리고 있었습니다. 어헤즈 측의 인스타그램 공식 계정에 해명을 보고 상황 파악이 됐습니다. 연예인이 광고 제안이 들어올 때, 그 제품의 단점까지 모두 파악할 수는 없습니다. 그 제품을 정직하게 마케팅할 자격은 기업에 있는 거죠. 광고모델로서 제품을 홍보하는 일이 연예인으로서는 당연한거죠. 그러나 이번일 계기로 그 기업이 정말 신뢰할 수 있는 가. 기업이 광고 이전의 제품에 대해 대중의 신뢰를 얻고 있었는가. 알아보고 광고 제안에 대해 고려하실 필요는 있을거 같습니다. 이렇게 일희일비 하지않고, 이상민님을 믿고 함께하는 팬들을 기억하신다면 더 신중해지실 수 밖에 없을거라 믿습니다.🙏 유투브 구독 좋아요~눌렀습니다. 🤘"
876,힘내시고요~~^^ 속상하다는 말 여기저기서 많이 듣곤 하는데 그래도 그런 마음을 알아주는 마음이 맞아지는 사람들이 오빠 곁에 있다는거~ 늘 함께 한다는거 잊지 마세요^^ 믿음이란 함께 있어도~ 꼭 함께 있지 못해도 늘 항상 바라보는 눈높이와 마음의 온도가 같은 거라 생각해요^^ 오빠를 그렇게~ 따뜻하게~ 신중하게 신뢰합니다^^ 사랑하고 감사해요^^ 늘 화이팅^^~ 기도하고 잘게요^^🙏🏻💕
877,👏 오늘 고생 많으셨습니다 굿밤 되세요
878,"오늘 하루 고생 많으셨어요😭 늘 사랑하고 감사합니다🙈♥ 오빠랑 찡코, 또또도 굿밤💖"
879,"오빠의글은언제나제맘처럼와닿네요.기분이너무좋기도하다가,위로도받다가그래요.하는것마다마다늘~~응원하고기도하고있어요,언젠가는직접볼날도꼽아기다리면서ㅎㅎ항상대기중에있답니다.ㅎㅎ같은자리에서꿋꿋하게🙆🙆 하루하루화이팅넘치게~오늘도아자아자!💪"
880,오빠의 부드러운 손길에 찡이 사르르~~^^ 참 편안해보이네요^^ 오빠 오늘도 애쓰셨는데 푹 쉬세요^^ 약간 감기 기운이 있어 후기는 오늘 못 쓸 것 같고 다음에 다시 보고 꼭 쓸게요^^ 따뜻하게 주무세요^^❤️
881,찡코 너무 예뻐요 😘 good night :) 💤
882,So cute😍😘
883,加油 可愛的貓
884,💙Awww. Content kitty. 💙 Sweet dreams! 💙
885,❤️
886,찡코님 이 어리광피우고있습니다 ㅎㅎ
887,오빠오늘도 화이팅 ❤️
888,우아아ㅜㅜ오빠 유튜브 무조건구독😍
889,오늘도 고생많으셨어요 꿀잠주무셔용~~😴😴😴
890,Love you ✨
891,😴😴😴 상나잇 *˘︶˘*
892,😻
893,😍😍😍😍
894,So much cute 😍 Wish you have sweet dreams 😊
895,Boa tarde... Mas que adorável gatinho.😊🇵🇹 Adeus.
896,Saranghae~~~
897,감사합니다!❤️
898,❤️❤️❤️
899,
900,
901,
902,
903,
904,
905,
906,
907,
908,
909,
910,
