,ëŒ“ê¸€
0,ğŸ™Œ
1,ì¶•í•˜í•´ìš” ëŠ˜ ì¢‹ì€ ê¸€ ì˜ ë³´ê³  ìˆì–´ìš” ê°ì‚¬!ğŸ™ğŸ»
2,ë§ˆë”í……ì„ ì´ê¸´ ê·¸..
3,ìƒ€ì–´ì–´ ã…‹ã…‹ ì‚¬ì¸ ì˜ˆì˜ê²Œí•´ì£¼ì„¸ì—¬~~~~~ ã…‹ã…‹ã…‹
4,ì € ìƒ€ì–´ìš”!!!
5,ì‚¬ì¸ë³¸ì„ ì‚´ì§€ ì—°ìŠµì¥ìœ¼ë¡œ ë°›ì„ì§€ ê³ ë¯¼ë˜ì„œ ëª»ì‚¬ê³ ìˆëŠ”ë°..ğŸ˜¢
6,ì‘ì›í•´ìš”ğŸ‘ğŸ‘
7,ğŸ”¥ğŸ”¥ğŸ”¥
8,í•˜ê³ ì‹¶ì€ê±° ë‹¤ í•´ ã€°ï¸ â¤ï¸
9,ì˜¤ë¹ 
10,ì±… ì˜¤ëŠ” ë‚ ë§Œ ê¸°ë‹¤ë¦¬ê³  ìˆìŠµë‹ˆë‹¤ğŸ”¥
11,ğŸ”¥ğŸ”¥ğŸ”¥
12,í˜•ğŸ‘
13,êµ¬ë§¤í–ˆì–´ìš”~
14,ğŸ”¥
15,ë©‹ìˆë‹¨ ë§ì´ì§€
16,ğŸ‘ğŸ‘ğŸ‘
17,Congrats ğŸ”¥ğŸ”¥
18,ğŸ”¥ğŸ”¥
19,ì‚¬ë‘í•´
20,ì£¼ë¬¸í–ˆì–´ì—¬âœ¨
21,ğŸ‘ğŸ»ğŸ‘ğŸ»ğŸ‘ğŸ»
22,ë¹¨ë¦¬ ë„ì°©í•´ë¼ ... ğŸ§¡
23,ğŸ‘ğŸ‘ğŸ‘ğŸ‘â¤ï¸ğŸ”¥
24,Lit
25,â¤ï¸
26,â¤ï¸
27,ì˜ë‚¬ë‹¤ê³ 
28,yeyyyğŸ”¥ğŸ”¥
29,ì˜ˆì•½êµ¬ë§¤ë©´ ë‹¤ ì‚¬ì¸í•´ì£¼ì‹œëŠ”ê±° ë§ì£ ?ğŸ˜‹ğŸ˜‹ğŸ˜‹
30,íˆíŠ¸ë‹¤ íˆíŠ¸!ğŸ‘
31,ğŸ”¥
32,ğŸ‘ğŸ‘ğŸ‘
33,ğŸ”¥ğŸ”¥ğŸ”¥ğŸ”¥â¤ï¸
34,ì—­ì‹œ ëŒ€ë¬¼ë˜í¼..ğŸ‘
35,ì¡´ê²½í•©ë‹ˆë‹¤ğŸ™
36,â™¥ï¸
37,ğŸ‘ğŸ‘ğŸ‘ğŸ‘ğŸ‘ğŸ‘ğŸ‘ğŸ‘ğŸ‘
38,ëŒ€ë°•ğŸ”¥
39,ëˆ..ê°€ìŠ¤?
40,ğŸ”¥ğŸ”¥
41,ë¹¼ë¹¼ë¡œ ë°ì´ì— í™”ë‚œ ë‚´ë§˜ ëŒ€ì‹  ë°”ë¡œ ì‚¬ì•¼ê² ì–´ìš” ã…‹ã…‹ã…‹ã…‹ã…‹ã…‹ã…‹ìŠ¤ìœ™ìŠ¤ì§±
42,Hitë‹¤ Heat ğŸ”¥ğŸ”¥ğŸ”¥
43,í˜• ì‚¬ë‘í•´ìš”â¤ï¸
44,ğŸ”¥ğŸ”¥ ì¶•í•˜í•´ìš” í˜•
45,íˆíŠ¸ë‹¤ íˆíŠ¸ğŸ‘ğŸ‘
46,ğŸ‘ğŸ‘ğŸ‘ğŸ‘
47,ğŸ”¥ğŸ”¥
48,ğŸ”¥ğŸ”¥ğŸ‘ğŸ‘
49,Much deserved king â¤ï¸
50,ğŸ™ğŸ™ğŸ™ğŸ™ğŸ™â¤ï¸â¤ï¸â¤ï¸â¤ï¸â¤ï¸
51,ğŸ”¥ğŸ”¥ğŸ”¥ğŸ”¥
52,êµ¬ë§¤ì™„ë£ŒğŸ™‹â€â™€ï¸ë¹¨ë¦¬ ë°›ì•„ë³´ê³  ì‹¶ë‹¤
53,â¤ï¸â¤ï¸â¤ï¸ğŸ”¥
54,í˜• êµ¬ë§¤í–ˆì–´ìš”ã…ã… ëŠ¦ì—ˆì§€ë§Œ ì¹œí•„ì‹¸ì¸ë³¸ìœ¼ëŸ¬ ì™”ìœ¼ë©´ ã…  í™”ì´íŒ…!ğŸ”¥
55,40ì´ˆëŠ” ëª»ì°¸ì§€
56,Respect ğŸ™ğŸ™ğŸ¥‡ğŸ¥‡ğŸ¥‡ğŸ¥‡ğŸ˜˜ğŸ˜˜ğŸ˜˜ğŸ˜˜ğŸ˜˜ğŸ˜˜ğŸ˜˜ğŸ˜˜ğŸ˜˜ğŸ˜˜ğŸ˜˜
57,ğŸ”¥
58,ë©‹ì ¸ìš”!!! ì¦ëª…í•˜ì…¨ë„¤ìš”! ê³¼ê±°ì˜ ê³ ìƒì´ í–‰ë³µì˜ ë°‘ê±°ë¦„ì´ ë˜ì…¨ê¸¸ ì˜¤ëŠ˜ë„ í–‰ë³µí•˜ì„¸ìš”.^^
59,Besttttttt ğŸ‘ğŸŒ¿
60,ì˜¤ìš°ğŸ”¥ğŸ”¥ğŸ”¥ğŸ”¥ğŸ”¥
61,Congratulations ğŸ‰ğŸ”¥
62,@jh___gim like ping pong!
63,í˜•ë‹˜ ë¹¨ë¦¬ ë°›ì•„ë³´ê³ ì‹¶ì–´ìš”
64,ì˜³ë°”ë¥´ê³  ì„ í•˜ê³  ë©‹ì§„ ì•„í‹°ìŠ¤íŠ¸ ìŠ¤ìœ™ìŠ¤ë‹˜^^~! ì–¸ì œë‚˜ ì‘ì›í•©ë‹ˆë‹¤! ìŠ¤ìœ™ìŠ¤ë‹˜ì€ ìš°ë¦¬ë‚˜ë¼ ìµœê³  ë©í¼ì—ìš”!
65,ì‚¬ì¸ë³¸ ì–¸ì œì˜¤ë‚˜ì•„ ë¹¨ë¦¬ ë°›ì•„ë³´ê³ ì‹¶ë„¤ ğŸ’ªğŸ»ğŸ’ªğŸ»
66,CONGRATSğŸ”¥ğŸ”¥ğŸ”¥
67,í‘œì§€ ëŠë‚Œì´ ë¯¸êµ­ì±… ê°™ë‹¤ ë©‹ìˆë„¤
68,ê¿ˆì†ì—ì„œ ìƒ€ìŠµë‹ˆë‹¤ã…‹ã…‹ã…‹
69,í˜•ì´ ì˜ˆì „ì— ì¼ë˜ POWERë§Œí¼ ì˜ ì½ì„ê²Œ!ê³ ë§ˆì›¡
70,you deserve it
71,â¤ï¸â¤ï¸â¤ï¸â¤ï¸â¤ï¸â¤ï¸â¤ï¸â¤ï¸â¤ï¸â¤ï¸â¤ï¸â¤ï¸
72,í•œêµ­ ëŒ€ì¥ ë©í¼ ìŠ¤ìœ™ìŠ¤!
73,â£ï¸â£ï¸â£ï¸â£ï¸â£ï¸â£ï¸â£ï¸
74,ã…‹ã…‹ã…‹ã…‹ã…‹ã…‹ã…‹ã…‹ã…‹ã…‹
75,ë‚´ê°€ ë³¸ ë‚¨ìì¤‘ í˜•ì´ ì ¤ë©‹ìˆìŒ ì•ìœ¼ë¡œë„ ê·¸ëŸ´ê²ƒì´ê³ 
76,ìŠ¤ìœ™ìŠ¤ ì‡¼ë¯¸ ì§„ì§  í˜¸ê° ë© í˜¸ê° ë©í¼
77,ë¹¼ã…ì• ì•µì•°
78,ì–´ì°¨í”¼ ë‚˜ 1ì¡° ë²Œì–´! ë‚´ ì‹œë°”ê²¬ ë„ˆë³´ë‹¤ ì˜ë¨¹ì–´!
79,2020ë…„ ìµœê³ ì˜ ê´´ë¬¼ë˜í¼
80,ë”í‚¹ ë„ˆë„¤ë‚˜ ëª»ì´ê²¨
81,@swim._00 ìŠ¤ìœ™ìŠ¤ ëª°ë˜ ê²€ìƒ‰í–ˆëŠ”ë°ã…¡ã…¡ ë“¤ì¼°ë…¸
82,@dear_.beom_ ì´ê±° ë‚´ê°€ ì•Œë ¤ì¤€ê±°ì•¼ ë””ì— ìœ¼ë¡œ ã…œ ã…œ ã…œë‚˜ 7ë…„ì§¸ ë•ì§ˆ ì²˜ìŒìœ¼ë¡œ ì¸ìŠ¤íƒ€ ë‹µì¥ë°›ì•˜ë‹¤ê³ ì˜¤ì˜¤ ã…œ ã…œ ã…œ ã…œ ã…œ ã…œ ã…œã…œì§„ì§œ ã…œ ã…œ ã…œ ã…œ. ã…œ ã…œã…œ. ã…œã…œ ã…œì‚¬ë‘í•´ì—¬ ã…œ ã…œ ã…œ ã…œ
83,@mhpyourmvp tgh
84,@youngbinbean íŠ¸ëŸ¼í”„ ì¬ì‚°ì´ 3ì¡°ì…ë‹ˆë‹¤.
85,@mhpyourmvp 1ì¡° ë²ŒëŸ¬ gaza
86,@youngbinbean ë‚´ ì‹œë°”ê²¬ ë„ˆë³´ë‹¤ ì˜ë¨¹ì–´ ! (ë„ˆ ìš”ì¦˜ ë‹¤ì´ì–´íŠ¸ í˜ë‚´ë¼ )
87,@c__seungyeon97 ê·¸ë§Œê·¸ë§Œ
88,@6uophyuk ì´ì •ë„ì•¼
89,@h___ttaek ë©˜íƒˆê´€ë¦¬ë²•
90,@itsursky ìì„œì „?
91,@dmswjd9475 ì €ê±° ë‹ˆê°€ ë‹¤ ê²€ìƒ‰í•œê±°ë¼ë§¤
92,@h___ttaek ë‚˜ ì €ì±… ì‚¬ì¤˜ë¼
93,@swim._00 ìŠ¤ìœ™ìŠ¤ ëª°ë˜ ê²€ìƒ‰í–ˆëŠ”ë°ã…¡ã…¡ ë“¤ì¼°ë…¸
94,@dear_.beom_ ì´ê±° ë‚´ê°€ ì•Œë ¤ì¤€ê±°ì•¼ ë””ì— ìœ¼ë¡œ ã…œ ã…œ ã…œë‚˜ 7ë…„ì§¸ ë•ì§ˆ ì²˜ìŒìœ¼ë¡œ ì¸ìŠ¤íƒ€ ë‹µì¥ë°›ì•˜ë‹¤ê³ ì˜¤ì˜¤ ã…œ ã…œ ã…œ ã…œ ã…œ ã…œ ã…œã…œì§„ì§œ ã…œ ã…œ ã…œ ã…œ. ã…œ ã…œã…œ. ã…œã…œ ã…œì‚¬ë‘í•´ì—¬ ã…œ ã…œ ã…œ ã…œ
95,@mhpyourmvp tgh
96,@youngbinbean íŠ¸ëŸ¼í”„ ì¬ì‚°ì´ 3ì¡°ì…ë‹ˆë‹¤.
97,@mhpyourmvp 1ì¡° ë²ŒëŸ¬ gaza
98,@youngbinbean ë‚´ ì‹œë°”ê²¬ ë„ˆë³´ë‹¤ ì˜ë¨¹ì–´ ! (ë„ˆ ìš”ì¦˜ ë‹¤ì´ì–´íŠ¸ í˜ë‚´ë¼ )
99,@c__seungyeon97 ê·¸ë§Œê·¸ë§Œ
100,@6uophyuk ì´ì •ë„ì•¼
101,@h___ttaek ë©˜íƒˆê´€ë¦¬ë²•
102,@itsursky ìì„œì „?
103,@dmswjd9475 ì €ê±° ë‹ˆê°€ ë‹¤ ê²€ìƒ‰í•œê±°ë¼ë§¤
104,@h___ttaek ë‚˜ ì €ì±… ì‚¬ì¤˜ë¼
105,@swim._00 ìŠ¤ìœ™ìŠ¤ ëª°ë˜ ê²€ìƒ‰í–ˆëŠ”ë°ã…¡ã…¡ ë“¤ì¼°ë…¸
106,@dear_.beom_ ì´ê±° ë‚´ê°€ ì•Œë ¤ì¤€ê±°ì•¼ ë””ì— ìœ¼ë¡œ ã…œ ã…œ ã…œë‚˜ 7ë…„ì§¸ ë•ì§ˆ ì²˜ìŒìœ¼ë¡œ ì¸ìŠ¤íƒ€ ë‹µì¥ë°›ì•˜ë‹¤ê³ ì˜¤ì˜¤ ã…œ ã…œ ã…œ ã…œ ã…œ ã…œ ã…œã…œì§„ì§œ ã…œ ã…œ ã…œ ã…œ. ã…œ ã…œã…œ. ã…œã…œ ã…œì‚¬ë‘í•´ì—¬ ã…œ ã…œ ã…œ ã…œ
107,@mhpyourmvp tgh
108,@youngbinbean íŠ¸ëŸ¼í”„ ì¬ì‚°ì´ 3ì¡°ì…ë‹ˆë‹¤.
109,@mhpyourmvp 1ì¡° ë²ŒëŸ¬ gaza
110,@youngbinbean ë‚´ ì‹œë°”ê²¬ ë„ˆë³´ë‹¤ ì˜ë¨¹ì–´ ! (ë„ˆ ìš”ì¦˜ ë‹¤ì´ì–´íŠ¸ í˜ë‚´ë¼ )
111,@c__seungyeon97 ê·¸ë§Œê·¸ë§Œ
112,@6uophyuk ì´ì •ë„ì•¼
113,@h___ttaek ë©˜íƒˆê´€ë¦¬ë²•
114,@itsursky ìì„œì „?
115,@dmswjd9475 ì €ê±° ë‹ˆê°€ ë‹¤ ê²€ìƒ‰í•œê±°ë¼ë§¤
116,@h___ttaek ë‚˜ ì €ì±… ì‚¬ì¤˜ë¼
117,@swim._00 ìŠ¤ìœ™ìŠ¤ ëª°ë˜ ê²€ìƒ‰í–ˆëŠ”ë°ã…¡ã…¡ ë“¤ì¼°ë…¸
118,@dear_.beom_ ì´ê±° ë‚´ê°€ ì•Œë ¤ì¤€ê±°ì•¼ ë””ì— ìœ¼ë¡œ ã…œ ã…œ ã…œë‚˜ 7ë…„ì§¸ ë•ì§ˆ ì²˜ìŒìœ¼ë¡œ ì¸ìŠ¤íƒ€ ë‹µì¥ë°›ì•˜ë‹¤ê³ ì˜¤ì˜¤ ã…œ ã…œ ã…œ ã…œ ã…œ ã…œ ã…œã…œì§„ì§œ ã…œ ã…œ ã…œ ã…œ. ã…œ ã…œã…œ. ã…œã…œ ã…œì‚¬ë‘í•´ì—¬ ã…œ ã…œ ã…œ ã…œ
119,@mhpyourmvp tgh
120,@youngbinbean íŠ¸ëŸ¼í”„ ì¬ì‚°ì´ 3ì¡°ì…ë‹ˆë‹¤.
121,@mhpyourmvp 1ì¡° ë²ŒëŸ¬ gaza
122,@youngbinbean ë‚´ ì‹œë°”ê²¬ ë„ˆë³´ë‹¤ ì˜ë¨¹ì–´ ! (ë„ˆ ìš”ì¦˜ ë‹¤ì´ì–´íŠ¸ í˜ë‚´ë¼ )
123,@c__seungyeon97 ê·¸ë§Œê·¸ë§Œ
124,@6uophyuk ì´ì •ë„ì•¼
125,@h___ttaek ë©˜íƒˆê´€ë¦¬ë²•
126,@itsursky ìì„œì „?
127,@dmswjd9475 ì €ê±° ë‹ˆê°€ ë‹¤ ê²€ìƒ‰í•œê±°ë¼ë§¤
128,@h___ttaek ë‚˜ ì €ì±… ì‚¬ì¤˜ë¼
129,@swim._00 ìŠ¤ìœ™ìŠ¤ ëª°ë˜ ê²€ìƒ‰í–ˆëŠ”ë°ã…¡ã…¡ ë“¤ì¼°ë…¸
130,@dear_.beom_ ì´ê±° ë‚´ê°€ ì•Œë ¤ì¤€ê±°ì•¼ ë””ì— ìœ¼ë¡œ ã…œ ã…œ ã…œë‚˜ 7ë…„ì§¸ ë•ì§ˆ ì²˜ìŒìœ¼ë¡œ ì¸ìŠ¤íƒ€ ë‹µì¥ë°›ì•˜ë‹¤ê³ ì˜¤ì˜¤ ã…œ ã…œ ã…œ ã…œ ã…œ ã…œ ã…œã…œì§„ì§œ ã…œ ã…œ ã…œ ã…œ. ã…œ ã…œã…œ. ã…œã…œ ã…œì‚¬ë‘í•´ì—¬ ã…œ ã…œ ã…œ ã…œ
131,@mhpyourmvp tgh
132,@youngbinbean íŠ¸ëŸ¼í”„ ì¬ì‚°ì´ 3ì¡°ì…ë‹ˆë‹¤.
133,@mhpyourmvp 1ì¡° ë²ŒëŸ¬ gaza
134,@youngbinbean ë‚´ ì‹œë°”ê²¬ ë„ˆë³´ë‹¤ ì˜ë¨¹ì–´ ! (ë„ˆ ìš”ì¦˜ ë‹¤ì´ì–´íŠ¸ í˜ë‚´ë¼ )
135,@c__seungyeon97 ê·¸ë§Œê·¸ë§Œ
136,@6uophyuk ì´ì •ë„ì•¼
137,@h___ttaek ë©˜íƒˆê´€ë¦¬ë²•
138,@itsursky ìì„œì „?
139,@dmswjd9475 ì €ê±° ë‹ˆê°€ ë‹¤ ê²€ìƒ‰í•œê±°ë¼ë§¤
140,@h___ttaek ë‚˜ ì €ì±… ì‚¬ì¤˜ë¼
141,@swim._00 ìŠ¤ìœ™ìŠ¤ ëª°ë˜ ê²€ìƒ‰í–ˆëŠ”ë°ã…¡ã…¡ ë“¤ì¼°ë…¸
142,@dear_.beom_ ì´ê±° ë‚´ê°€ ì•Œë ¤ì¤€ê±°ì•¼ ë””ì— ìœ¼ë¡œ ã…œ ã…œ ã…œë‚˜ 7ë…„ì§¸ ë•ì§ˆ ì²˜ìŒìœ¼ë¡œ ì¸ìŠ¤íƒ€ ë‹µì¥ë°›ì•˜ë‹¤ê³ ì˜¤ì˜¤ ã…œ ã…œ ã…œ ã…œ ã…œ ã…œ ã…œã…œì§„ì§œ ã…œ ã…œ ã…œ ã…œ. ã…œ ã…œã…œ. ã…œã…œ ã…œì‚¬ë‘í•´ì—¬ ã…œ ã…œ ã…œ ã…œ
143,@mhpyourmvp tgh
144,@youngbinbean íŠ¸ëŸ¼í”„ ì¬ì‚°ì´ 3ì¡°ì…ë‹ˆë‹¤.
145,@mhpyourmvp 1ì¡° ë²ŒëŸ¬ gaza
146,@youngbinbean ë‚´ ì‹œë°”ê²¬ ë„ˆë³´ë‹¤ ì˜ë¨¹ì–´ ! (ë„ˆ ìš”ì¦˜ ë‹¤ì´ì–´íŠ¸ í˜ë‚´ë¼ )
147,@c__seungyeon97 ê·¸ë§Œê·¸ë§Œ
148,@6uophyuk ì´ì •ë„ì•¼
149,@h___ttaek ë©˜íƒˆê´€ë¦¬ë²•
150,@itsursky ìì„œì „?
151,@dmswjd9475 ì €ê±° ë‹ˆê°€ ë‹¤ ê²€ìƒ‰í•œê±°ë¼ë§¤
152,@h___ttaek ë‚˜ ì €ì±… ì‚¬ì¤˜ë¼
153,@swim._00 ìŠ¤ìœ™ìŠ¤ ëª°ë˜ ê²€ìƒ‰í–ˆëŠ”ë°ã…¡ã…¡ ë“¤ì¼°ë…¸
154,@dear_.beom_ ì´ê±° ë‚´ê°€ ì•Œë ¤ì¤€ê±°ì•¼ ë””ì— ìœ¼ë¡œ ã…œ ã…œ ã…œë‚˜ 7ë…„ì§¸ ë•ì§ˆ ì²˜ìŒìœ¼ë¡œ ì¸ìŠ¤íƒ€ ë‹µì¥ë°›ì•˜ë‹¤ê³ ì˜¤ì˜¤ ã…œ ã…œ ã…œ ã…œ ã…œ ã…œ ã…œã…œì§„ì§œ ã…œ ã…œ ã…œ ã…œ. ã…œ ã…œã…œ. ã…œã…œ ã…œì‚¬ë‘í•´ì—¬ ã…œ ã…œ ã…œ ã…œ
155,@mhpyourmvp tgh
156,@youngbinbean íŠ¸ëŸ¼í”„ ì¬ì‚°ì´ 3ì¡°ì…ë‹ˆë‹¤.
157,@mhpyourmvp 1ì¡° ë²ŒëŸ¬ gaza
158,@youngbinbean ë‚´ ì‹œë°”ê²¬ ë„ˆë³´ë‹¤ ì˜ë¨¹ì–´ ! (ë„ˆ ìš”ì¦˜ ë‹¤ì´ì–´íŠ¸ í˜ë‚´ë¼ )
159,@c__seungyeon97 ê·¸ë§Œê·¸ë§Œ
160,@6uophyuk ì´ì •ë„ì•¼
161,@h___ttaek ë©˜íƒˆê´€ë¦¬ë²•
162,@itsursky ìì„œì „?
163,@dmswjd9475 ì €ê±° ë‹ˆê°€ ë‹¤ ê²€ìƒ‰í•œê±°ë¼ë§¤
164,@h___ttaek ë‚˜ ì €ì±… ì‚¬ì¤˜ë¼
165,@swim._00 ìŠ¤ìœ™ìŠ¤ ëª°ë˜ ê²€ìƒ‰í–ˆëŠ”ë°ã…¡ã…¡ ë“¤ì¼°ë…¸
166,@dear_.beom_ ì´ê±° ë‚´ê°€ ì•Œë ¤ì¤€ê±°ì•¼ ë””ì— ìœ¼ë¡œ ã…œ ã…œ ã…œë‚˜ 7ë…„ì§¸ ë•ì§ˆ ì²˜ìŒìœ¼ë¡œ ì¸ìŠ¤íƒ€ ë‹µì¥ë°›ì•˜ë‹¤ê³ ì˜¤ì˜¤ ã…œ ã…œ ã…œ ã…œ ã…œ ã…œ ã…œã…œì§„ì§œ ã…œ ã…œ ã…œ ã…œ. ã…œ ã…œã…œ. ã…œã…œ ã…œì‚¬ë‘í•´ì—¬ ã…œ ã…œ ã…œ ã…œ
167,@mhpyourmvp tgh
168,@youngbinbean íŠ¸ëŸ¼í”„ ì¬ì‚°ì´ 3ì¡°ì…ë‹ˆë‹¤.
169,@mhpyourmvp 1ì¡° ë²ŒëŸ¬ gaza
170,@youngbinbean ë‚´ ì‹œë°”ê²¬ ë„ˆë³´ë‹¤ ì˜ë¨¹ì–´ ! (ë„ˆ ìš”ì¦˜ ë‹¤ì´ì–´íŠ¸ í˜ë‚´ë¼ )
171,@c__seungyeon97 ê·¸ë§Œê·¸ë§Œ
172,@6uophyuk ì´ì •ë„ì•¼
173,@h___ttaek ë©˜íƒˆê´€ë¦¬ë²•
174,@itsursky ìì„œì „?
175,@dmswjd9475 ì €ê±° ë‹ˆê°€ ë‹¤ ê²€ìƒ‰í•œê±°ë¼ë§¤
176,@h___ttaek ë‚˜ ì €ì±… ì‚¬ì¤˜ë¼
177,@swim._00 ìŠ¤ìœ™ìŠ¤ ëª°ë˜ ê²€ìƒ‰í–ˆëŠ”ë°ã…¡ã…¡ ë“¤ì¼°ë…¸
178,@dear_.beom_ ì´ê±° ë‚´ê°€ ì•Œë ¤ì¤€ê±°ì•¼ ë””ì— ìœ¼ë¡œ ã…œ ã…œ ã…œë‚˜ 7ë…„ì§¸ ë•ì§ˆ ì²˜ìŒìœ¼ë¡œ ì¸ìŠ¤íƒ€ ë‹µì¥ë°›ì•˜ë‹¤ê³ ì˜¤ì˜¤ ã…œ ã…œ ã…œ ã…œ ã…œ ã…œ ã…œã…œì§„ì§œ ã…œ ã…œ ã…œ ã…œ. ã…œ ã…œã…œ. ã…œã…œ ã…œì‚¬ë‘í•´ì—¬ ã…œ ã…œ ã…œ ã…œ
179,@mhpyourmvp tgh
180,@youngbinbean íŠ¸ëŸ¼í”„ ì¬ì‚°ì´ 3ì¡°ì…ë‹ˆë‹¤.
181,@mhpyourmvp 1ì¡° ë²ŒëŸ¬ gaza
182,@youngbinbean ë‚´ ì‹œë°”ê²¬ ë„ˆë³´ë‹¤ ì˜ë¨¹ì–´ ! (ë„ˆ ìš”ì¦˜ ë‹¤ì´ì–´íŠ¸ í˜ë‚´ë¼ )
183,@c__seungyeon97 ê·¸ë§Œê·¸ë§Œ
184,@6uophyuk ì´ì •ë„ì•¼
185,@h___ttaek ë©˜íƒˆê´€ë¦¬ë²•
186,@itsursky ìì„œì „?
187,@dmswjd9475 ì €ê±° ë‹ˆê°€ ë‹¤ ê²€ìƒ‰í•œê±°ë¼ë§¤
188,@h___ttaek ë‚˜ ì €ì±… ì‚¬ì¤˜ë¼
189,@swim._00 ìŠ¤ìœ™ìŠ¤ ëª°ë˜ ê²€ìƒ‰í–ˆëŠ”ë°ã…¡ã…¡ ë“¤ì¼°ë…¸
190,@dear_.beom_ ì´ê±° ë‚´ê°€ ì•Œë ¤ì¤€ê±°ì•¼ ë””ì— ìœ¼ë¡œ ã…œ ã…œ ã…œë‚˜ 7ë…„ì§¸ ë•ì§ˆ ì²˜ìŒìœ¼ë¡œ ì¸ìŠ¤íƒ€ ë‹µì¥ë°›ì•˜ë‹¤ê³ ì˜¤ì˜¤ ã…œ ã…œ ã…œ ã…œ ã…œ ã…œ ã…œã…œì§„ì§œ ã…œ ã…œ ã…œ ã…œ. ã…œ ã…œã…œ. ã…œã…œ ã…œì‚¬ë‘í•´ì—¬ ã…œ ã…œ ã…œ ã…œ
191,@mhpyourmvp tgh
192,@youngbinbean íŠ¸ëŸ¼í”„ ì¬ì‚°ì´ 3ì¡°ì…ë‹ˆë‹¤.
193,@mhpyourmvp 1ì¡° ë²ŒëŸ¬ gaza
194,@youngbinbean ë‚´ ì‹œë°”ê²¬ ë„ˆë³´ë‹¤ ì˜ë¨¹ì–´ ! (ë„ˆ ìš”ì¦˜ ë‹¤ì´ì–´íŠ¸ í˜ë‚´ë¼ )
195,@c__seungyeon97 ê·¸ë§Œê·¸ë§Œ
196,@6uophyuk ì´ì •ë„ì•¼
197,@h___ttaek ë©˜íƒˆê´€ë¦¬ë²•
198,@itsursky ìì„œì „?
199,@dmswjd9475 ì €ê±° ë‹ˆê°€ ë‹¤ ê²€ìƒ‰í•œê±°ë¼ë§¤
200,@h___ttaek ë‚˜ ì €ì±… ì‚¬ì¤˜ë¼
201,@swim._00 ìŠ¤ìœ™ìŠ¤ ëª°ë˜ ê²€ìƒ‰í–ˆëŠ”ë°ã…¡ã…¡ ë“¤ì¼°ë…¸
202,@dear_.beom_ ì´ê±° ë‚´ê°€ ì•Œë ¤ì¤€ê±°ì•¼ ë””ì— ìœ¼ë¡œ ã…œ ã…œ ã…œë‚˜ 7ë…„ì§¸ ë•ì§ˆ ì²˜ìŒìœ¼ë¡œ ì¸ìŠ¤íƒ€ ë‹µì¥ë°›ì•˜ë‹¤ê³ ì˜¤ì˜¤ ã…œ ã…œ ã…œ ã…œ ã…œ ã…œ ã…œã…œì§„ì§œ ã…œ ã…œ ã…œ ã…œ. ã…œ ã…œã…œ. ã…œã…œ ã…œì‚¬ë‘í•´ì—¬ ã…œ ã…œ ã…œ ã…œ
203,@mhpyourmvp tgh
204,@youngbinbean íŠ¸ëŸ¼í”„ ì¬ì‚°ì´ 3ì¡°ì…ë‹ˆë‹¤.
205,@mhpyourmvp 1ì¡° ë²ŒëŸ¬ gaza
206,@youngbinbean ë‚´ ì‹œë°”ê²¬ ë„ˆë³´ë‹¤ ì˜ë¨¹ì–´ ! (ë„ˆ ìš”ì¦˜ ë‹¤ì´ì–´íŠ¸ í˜ë‚´ë¼ )
207,@c__seungyeon97 ê·¸ë§Œê·¸ë§Œ
208,@6uophyuk ì´ì •ë„ì•¼
209,@h___ttaek ë©˜íƒˆê´€ë¦¬ë²•
210,@itsursky ìì„œì „?
211,@dmswjd9475 ì €ê±° ë‹ˆê°€ ë‹¤ ê²€ìƒ‰í•œê±°ë¼ë§¤
212,@h___ttaek ë‚˜ ì €ì±… ì‚¬ì¤˜ë¼
213,@swim._00 ìŠ¤ìœ™ìŠ¤ ëª°ë˜ ê²€ìƒ‰í–ˆëŠ”ë°ã…¡ã…¡ ë“¤ì¼°ë…¸
214,@dear_.beom_ ì´ê±° ë‚´ê°€ ì•Œë ¤ì¤€ê±°ì•¼ ë””ì— ìœ¼ë¡œ ã…œ ã…œ ã…œë‚˜ 7ë…„ì§¸ ë•ì§ˆ ì²˜ìŒìœ¼ë¡œ ì¸ìŠ¤íƒ€ ë‹µì¥ë°›ì•˜ë‹¤ê³ ì˜¤ì˜¤ ã…œ ã…œ ã…œ ã…œ ã…œ ã…œ ã…œã…œì§„ì§œ ã…œ ã…œ ã…œ ã…œ. ã…œ ã…œã…œ. ã…œã…œ ã…œì‚¬ë‘í•´ì—¬ ã…œ ã…œ ã…œ ã…œ
215,Thanks for clearing it up! I hope Mino's fans understand this as well. Much respect to you for speaking up instead of ignoring the situation! ğŸ”¥â¤ï¸
216,thanks for clearing that up bossğŸ˜Œ
217,Just like YunB said: Jonathan Moon u r the best
218,period cudi you shouldnâ€™t have to even explain this ğŸ’€
219,You're the best ğŸ’ªğŸ’ªğŸ’ªâ¤â¤â¤
220,Also your voice is amazing swings ğŸ’–ğŸ˜‚ğŸ’–ğŸ˜‚
221,Because itâ€™s the same color he has to make a whole clarification video. Come on people.
222,ğŸ‘ğŸ‘ğŸ‘
223,i really appreciate swings on coming out like this and clarifying the things â¤ï¸ğŸ”¥ğŸ”¥
224,í™”ì´íŒ…í•˜ì„¸ì—¬
225,ğŸ‘
226,Letâ€™s do not judge a book by its cover period
227,í‚µê³ ì‰ í˜•
228,ğŸ‘
229,Keep doing english content like THIS. Youre The boss ğŸ’£ğŸ™Œ
230,"ahh it's a coincidence, why do people gotta be so childish ğŸ¤·â€â™€ï¸ i love you both ğŸ’•"
231,"ë§ì€ ì‹œê°„ë™ì•ˆ ê³µë“¤ì—¬ ë§Œë“  ì•¨ë²”ì´ì—ˆê¸°ì— ë”ìš± ì•„ì‰¬ì›€ì´ í¬ê² ì§€ë§Œ, ìµœì¢…ì´ ë‚˜ì™”ì„ë•Œ ì´ë¯¸ ì¶œì‹œëœ ë„ì•ˆì´ ì—†ì—ˆëŠ”ì§€ í™•ì¸ í•œë²ˆë§Œì´ë¼ë„ í•´ë³´ì…¨ìœ¼ë©´ ì¢‹ì•˜ì„ ê²ƒ ê°™ì•„ìš” ã… ã…  ì—íœ´ ë””ìì´ë„ˆë¶„ë“¤ì´...í•­ìƒ ê³ ìƒ í•˜ì‹œì£  í™§íŒ…í•˜ì„¸ìš” í–‰ë‹˜"
232,"you're the best, king as always never disappointed us"
233,ğŸ‘ğŸ»
234,ğŸ‘
235,ì˜¤ë¹µâ¤ï¸
236,ê³§ ë² ìŠ¤íŠ¸ì…€ëŸ¬ ë˜ì‹œê² ì–´ìš”!!ğŸ‰
237,ğŸ”¥ğŸ”¥ğŸ”¥
238,You are the bestğŸ‘ğŸ‘ğŸ‘
239,í† ì¢… í•œì¿¡ì¸ë“¤ì„ ìœ„í•œ ìš”ì•½: ìŠ¤ìœ™ìŠ¤ í˜•ë‹˜ì˜ ì±… ì»¤ë²„ê°€ ìµœê·¼ 2ì£¼ì „ ë°œë§¤ëœ ì†¡ë¯¼í˜¸ì˜ ì•¨ë²”ì»¤ë²„ì™€ ë§¤ìš° ìœ ì‚¬í•œ ì ì— ëŒ€í•´ í‘œì ˆì´ ì•„ë‹ˆëƒëŠ” ì˜í˜¹ì´ ìƒê²¨ì„œ ì´ ì˜ìƒì„ ë§Œë“¤ì—ˆë‹¤. ì¶œíŒì‚¬ë¡œë¶€í„° ë°ì´í„°ë¥¼ ê°€ì ¸ì™”ìœ¼ë‹ˆ ìŠ¤í† ë¦¬ë¥¼ í™•ì¸ ë°”ë€ë‹¤. 9ì›”-10ì›”ë¶€í„° ìƒì˜ë¥¼ í•´ì™”ë˜ ì¼ì´ê³  ì†¡ë¯¼í˜¸ì™€ë„ ì¢‹ì€ ì¹œêµ¬ ê´€ê³„ì´ê¸° ë•Œë¬¸ì— ì´ê±´ 100í”„ë¡œ ìš°ì—°ì´ê³  ì´ ì¼ì— ëŒ€í•´ì„œëŠ” ìš´ì´ ì•ˆì¢‹ì•˜ë‹¤ê³  ìƒê°í•œë‹¤. ë!
240,í˜• ì™œ ë§¨ë‚  ì¹¼í•˜íŠ¸ì—ìš”.....
241,honestly feel like ppl only say this because itâ€™s Orange ğŸ’€ğŸ’€
242,ğŸ–¤
243,ìš• ë¨¹ì„ ì´ìœ ê°€ ì—†ëŠ”ë°
244,â™¥ï¸â™¥ï¸
245,â™¥ï¸â™¥ï¸â™¥ï¸â™¥ï¸â™¥ï¸â™¥ï¸â™¥ï¸â™¥ï¸
246,ğŸ”¥ğŸ‘
247,ğŸ‘ğŸ‘ğŸ‘ğŸ‘ğŸ‘ğŸ‘ğŸ‘ğŸ‘ğŸ‘ğŸ‘ğŸ‘ğŸ‘
248,"It happens! Creative minds and all, not that you should have to explain yourself to anyone! You've got our support ğŸ’¯ğŸ’¯ Peace and love â¤ï¸"
249,ì•„ì´ì”¨ ë³„ê±° ê°€ì§€ê³  ì‹œë¹„ì•¼ ê·¸ëƒ¥ ph-1 ë”°ë¼ì„œ ì£¼í™©ìƒ‰ ì¼ë‹¤ê³  ì‹œë¹„ê±¸ì§€ ê·¸ëŸ¬ëƒ?
250,ì™€ì¤‘ì— ì˜ì–´ë°œìŒ... í•˜ìœ½
251,I wonder he is using english intead of korean to explain just because intl fans get more reaction than local? #justcurious #notaccusing
252,Lol why are people even coming at you over a coincidenceğŸ¤¦ğŸ»â€â™‚ï¸ Only love and respect for the hard work you do ğŸ™â¤ï¸
253,"You so real man .....
âš¡"
254,You did well when you clear the situation not just ignore it so people won't understand you wrong
255,You wrote a book
256,ìŠ¤ìœ™ìŠ¤ì§±
257,ê·¼ë° ì‚¬ì‹¤ìƒ ìŠ¤ìœ™ìŠ¤ë‹˜ì´ ì™œ êµ³ì´ ì†¡ë¯¼í˜¸ë‹˜ ì•¨ë²”ì»¤ë²„ë¥¼ í‘œì ˆí•˜ê² ìŒ... ìê¸° í”„ë¼ì´ë“œê°€ ì—„ì²­ ë†’ì€ì‚¬ëŒì¸ë°.. ê·¼ë° ì°¸ ì‹œê¸° í¬ì•ˆí•˜ë„¤ ì§„ì§œ ìˆ¨ë§Œ ì‰¬ì–´ë„ ìš•ë¨¹ë„ë¡ ì„¤ì •ë˜ì–´ìˆë‚˜ë´... ì¢€ ìš”ì¦˜ ì†Œì‹ì¢€ ë³´ê³  ë°œí–‰í•˜ì‹œì§€ .. ê·¸ë˜ë„ ê°™ìœ¼ë©´ ê¸°ë¶„ì°ì°í•œê±´ ì‚¬ì‹¤ì´ë‹ˆê¹..... ì§€ê¸ˆì´ë¼ë„ ìƒˆíŒŒë€ìƒ‰ìœ¼ë¡œ ì»¤ë²„ë®ìœ¼ì„¸ìš” ì´ìœ ëŠ” ì œê°€íŒŒë€ìƒ‰ì¢‹ì•„í•´ì„œã…‹ ë¬´íŠ¼ ì „ ì±… ì‚¬ì„œ ì½ì„ê±°ì„ ã…‹ã…‹
258,can someone tell me what hes saying on his story?
259,Yeah those people don't know how the process works. Album and book covers .. they follow design trends and can easily resemble each other. Don't trip. Anyone who thinks you had any thing to do with plagiarism don't know you and your level of integrity.
260,â¤ï¸
261,â£ï¸
262,ğŸ‘ğŸ»
263,ğŸ™
264,ğŸ’™ğŸ’™ğŸ’™
265,@d__222_
266,You're the best ğŸ™‡ğŸ»â€â™€ï¸
267,@neil_c70
268,you are the bestest ğŸ’•
269,periodt ğŸ’…ğŸ¼
270,So much Respect for youğŸ‘
271,Rapper/writer and a ceo of two labels ğŸ™Œ
272,Respect ğŸ”¥â¤ï¸
273,ğŸ™ğŸ½ğŸ™ğŸ½
274,You are the bestâ¤ï¸
275,You owe nobody an explanation but we know you had to clear your name from allegations......keep up the good workğŸ‘ğŸ‘
276,Its not matter to us â¤ï¸âœŒğŸ¼
277,Thank you for clarifying!!! Best to you too;
278,WE LOVE A CEO THAT DOES HIS OWN PR â¤ MAD RESPECT FOR THIS DOPE BOSS
279,there is ONE king
280,Swings og king ğŸ”¥ your fans got your back and support keep it up! Keep doing you. Creative minds think alike you did nothing wrong broğŸ’™
281,one and only
282,Apaansih komenannya sok iye bgt
283,"Me derrito por su voz y su cara ğŸ¤¤, te queremos SWINGS â¤ï¸"
284,ë©‹ìˆë‹¤
285,í•´ì„ ì¢€ã…‹
286,â¤ï¸ğŸ”¥â¤ï¸
287,Thanks for clarifying! Noticed they looked super similar but didn't think you copied him cus it usually takes a long time to plan that type of stuff ğŸ˜‚ğŸ‘ğŸ‘
288,ë” ì „ì— êµ¬ìƒí•œê±´ë° ì‹œê¸°ê°€Ì†Ì ê²¹ì³¤ë„¤
289,donâ€™t worry about it king!!! weâ€™ll keep supporting you both regardless!!!
290,nah thats just coincidence i guess ğŸ¤·ğŸ»â€â™€ï¸ but thx for made it clear ğŸ’¯ congrats for ur book anywayğŸ‘ğŸ¼
291,Thank you for clearing up. ğŸ’–
292,Thx 4 clearing things upğŸ™Œ
293,"Loving the clear explanation! Keep on doing what you're doing, supporting you always! ğŸ§¡ğŸ–¤"
294,ë©‹ì ¸ìš”! ê¼­! ì½ì–´ë³´ê² ìŠµë‹ˆë‹¤. í•œë‚¨ë™ ë§¥ì‹¬í”ŒëœíŠ¸ì—ì„œ ë§Œë‚¬ë˜ [ìê¸°ì‹ ë¢°]ì§€ì°¸ì ì…ë‹ˆë‹¤. ê·¸ í›„ë¡œ ìê¸°ì‹ ë¢°ê°€ ê°•í™”ë˜ì–´ ë©‹ì§„ ì¼ìƒì„ ì‚´ê³  ìˆì–´ìš”.^^ ì–¼ë§ˆì „ì—” ì²­ë‹´ ì—ë¥´ë©”ìŠ¤ ì•ì—ì„œ ëµœìœ¼ë‚˜. ì°¨ì•ˆì— ìˆì–´ì„œ ì¸ì‚¬ë¥¼ ëª»í–ˆë„¤ìš”. ëˆ„êµ¬ë³´ë‹¤ ê°•í•œ ì‹ ë…ì˜ ì†Œìœ ì! ìŠ¤ìœ™ìŠ¤! ë‹¹ì‹ ì„ ì‘ì›í•©ë‹ˆë‹¤.ğŸ‘ğŸ‘ğŸ‘ì¶œê°„ì„ ì¶•í•˜í•©ë‹ˆë‹¤.ğŸ‰ğŸ‰ğŸ‰
295,"I think you worry too much about what people think and say,Your doing fine young man! Do your thing!"
296,Dang people be so petty you do you Swings
297,"After I know this coincidence, I didn't say anything. I thought you guys maybe collaborating something like orange series, you know, you all rappers friends make cool things always ğŸ”¥ğŸ˜‚.Turn out, is me thinking too much ğŸ¤­..Anyway, just to let you know, I trust you ğŸ˜Š. I hope you won't suffering that much ğŸ˜¢ğŸ’™. Best wishes! Fighting"
298,@carharttwip_kr
299,ìŠ¤ìœ™ìŠ¤ë‹˜ ì € ì´ìƒí•œê±° ì•„ë‹ˆê³ ìš” ã… ã…  ì œë°œ ì œ DMí•œë²ˆë§Œ ë´ì£¼ì„¸ìš” ì •ë§ ë¶€íƒë“œë ¤ìš” ã… ã…  ì •ë§ ì „í•´ë“œë¦¬ê³  ë“£ê³  ì‹¶ì€ ë‹µë³€ì´ ìˆì–´ì„œ ê·¸ë˜ìš”
300,Do people really get pissed about what is essentially a colour and a font...? It would be different if it were an image but man that seems ridiculously petty for people to be up in arms over
301,"Keep doing you. Hope you know that a lot of people appreciate and support you. You are an inspiration now more than ever, for the way you're dealing with the hardships and stupid hate. I get my strengh from you ğŸ–¤"
302,í˜• ë­”ìƒê´€ì´ì•¼ ã…ã… ê·¸ëƒ¥ ì½ìœ¼ë©´ ì½ëŠ”ê±°ì§€ ì½ì§€ë„ ì•Šì„ ë†ˆë“¤ì´ ì™ˆê³¼ì™ˆë¶€í•˜ëŠ”ê±° ë“¤ì„í•„ìš”ì—†ì§œë‚˜
303,"Why are these guys making fuss about it? That's not hiphop Haha we love you swingsnim, one of most talented rapper i know and i may not know you personally i know you're a good sajangmin to indigo and just music â¤ï¸ good luck on your album godbless always. hwaiting ğŸ‘"
304,Thank you for clarifying.
305,"@itsjustswings we respect you for coming to say this, if you didn't gave us this video and the dates the misunderstanding would be bigger now, we also as his fans respect your art like you respect him, it was a seriously big unlucky misunderstanding, sometimes happens in the art world, since both covers were almost identical I'm sure you understood his fans concerns too, thank you."
306,"Swings! I never comment on anything, but just wanted to say that I love your passion and energy. Iâ€™m in Michigan; not sure if itâ€™ll ever be sold here, but I hope to get/read your book one day. ë‹¤ë¥¸ ì‚¬ëŒë“¤ ì§€ë„ í•´ë„ í•­ìƒ í˜ë‚´ì‹œê³  í–‰ë³µ í•˜ì„¸ìš”."
307,"If you hate this man, just say you hate this man and move on. Itâ€™s baffling to me why folks always assume has bad intentions. You can genuinely questions the similarity without trying to defame his character"
308,"I really feel sorry for you sometimes. can't imagine how tired you are of ALL this sh*t happened... to be honest, I envy your endurance"
309,"as a ceo himself shouldn't he know about this matter more??? now ppl are saying the both his and mino's album look the same, doesnt he feel ashamed??? at this point i dont think ita coincidence anymore. put urself in mino's shoes, are u gonna be happy that someone else's album look literally like yours?"
310,"Things like this often happen in the creative industry!! Props to him for addressing the situation tho!!! Iâ€™m a fan of Mino, I hope other fans can stop attacking this guy ğŸ˜…"
311,We know you and we believe you Swings. And you know people loves to talk bullshits even they donâ€™t have any fucking idea of anything. They just love to talk and love to hurt people. Stay strong we got your backğŸ’ª
312,canâ€™t believe you have to deal with shit like this all thee time
313,ìŠ¤ìœ™ìŠ¤ í˜• ì§„ì§œ ì–µìš¸í•œ ì¼ ë§ì´ ìƒê¸°ë„¤ã…œã…œ ê·¸ë˜ë„ ì¢‹ê²Œ ë³´ë©´ ì±…ì´ ë” í™ë³´ ëë‹¤ê³ ë„ ìƒê°í•´ì„œ ì•”íŠ¼ ìŠ¤ìœ™ìŠ¤ í˜• í™”ì´íŒ…ì…ë‹ˆë‹¤! ë² ìŠ¤íŠ¸ ì…€ëŸ¬ ã„²
314,ğŸ§¡ğŸ§¡ğŸ§¡ğŸ§¡ğŸ§¡ğŸ§¡ğŸ§¡ğŸ§¡ğŸ§¡ğŸ§¡ğŸ§¡ğŸ§¡ğŸ§¡ğŸ§¡ğŸ§¡ğŸ§¡ğŸ§¡ğŸ§¡ğŸ§¡ğŸ§¡ğŸ§¡ğŸ§¡ğŸ§¡ğŸ§¡ğŸ§¡ğŸ§¡
315,People really mad over orange with one word on it. ğŸ¤¡
316,ğŸ’™ğŸ’™
317,Thank you so much for clearing upâ¤ï¸ â¤ï¸â¤ï¸Mino's fans need some chill thoğŸ’€
318,Iâ€™m sorry youâ€™ve had to defend yourself.
319,ğŸ’ªğŸ»ğŸ§¡
320,ğŸ‡²ğŸ‡½ğŸ‡²ğŸ‡½ğŸ‡²ğŸ‡½â¤ï¸â¤ï¸â¤ï¸
321,"I have been defending you all that. People just like to hate without thinking, like most people dont have a clue about how design and creative stuff works and just send hate without any reason or knowledge on the matter. Im sorry you had to clean this mess up"
322,"RESPECT. I donâ€™t really think there is a need to explain to this extent, but you did what you felt that you needed to do ğŸ‘ğŸ» To be honest, when a simple design is opted for, thereâ€™s only that much that can be worked with. Also, planning takes time anyway. ì‹ ê²½ ì“°ì§€ë§ˆì‹œê³  ì±… ë°œë§¤ ì¶•í•˜ë“œë ¤ìš”!!!"
323,kingâ¤ï¸
324,@leealsgur @pisc2sy ìœ™ìŠ¤ ì˜ì–´ì— ì¹˜ì¸ë‹¤ ìº¬ì•„ã… ã€°ï¸ã€°ï¸ã€°ï¸ã€°ï¸ã€°ï¸
325,I mean...the design isn't exactly unique. A bold title on a plain colored background. Thats not really special. I think people over blow the silliest things.
326,"I've been defending you too. What's wrong with people? How do they do that to you? I'm very angry. They don't leave you alone.
God, live and let live."
327,I respect you very much so I hope that everything will end well for youğŸ¤ğŸ»
328,I support you âœŠğŸ¼
329,Thank you for explaining the situation in English!
330,"This situation is common. When you're working on sth, there's always a risk someone's doing the same thing right at this time"
331,I just wish you all the best swings ğŸ¤ğŸ¼ğŸ’œ
332,Wish to read your book in English ğŸ˜±
333,Swings the best!ğŸ”¥â¤ï¸â¤ï¸â¤ï¸
334,Best â¤ï¸
335,ì‚¬ëŒë“¤ì´ ì‹œë¹„ê±°ëŠ” ìƒí™©ì— ë„ˆë¬´ ìŠ¤íŠ¸ë ˆìŠ¤ ë°›ì§€ ë§ˆì‹œê¸¸. ì‚¬ëŒë“¤ì´ ìš”ìƒí•œ ê±¸ë¡œ ë”´ì§€ê±¸ê³ ì‹¶ì€ë§Œí¼ í˜•ì´ ëŒ€ë‹¨í•œ ì‚¬ëŒì´ê³  í¬ê²Œ ì„±ê³µí•œ ì‚¬ëŒì¸ê±°ë¥¼ ì¸ì •í•œë‹¤ëŠ” ëœ»ìœ¼ë¡œ ê¸ì •ì ì¸ ìƒê°í•˜ì…¨ìœ¼ë©´ ì¢‹ê² ìŠµë‹ˆë‹¤. í˜•ì´ ë” ì˜ì•„ì‹œì–ì•„ìš” ìŒì•…ìœ¼ë¡œë„ í‘œì ˆì‹œë¹„ê±¸ë¦¬ê³  ì‚¬ì¬ê¸°ì‹œë¹„ê±¸ë¦¬ëŠ” ì‚¬ëŒë“¤ë³´ë©´ ìŒì•…ìœ¼ë¡œ íˆíŠ¸ì¹˜ê³  ì„±ê³µí•œ ì‚¬ëŒë“¤ì´ í›¨ì”¬ ë§ì€ê±°
336,King â¤ï¸
337,You're the best ğŸ”¥ğŸ”¥
338,"It's alright don't sweat it. Just keep doing you. There's always going to be someone voicing their opinions, but opinions don't pay the bills so....ğŸ’¯ğŸ™ @itsjustswings"
339,It's a long story... but you're talking to good!!
340,ì†¡ë¯¼í˜¸ëŠ” ì±… ì•Šì¼ì–ì•„ìš”~ youâ€™re the WinnerğŸ‘ğŸ‘ğŸ‘
341,ìŠ¤ìœ™ìŠ¤ ê°€ ì™œ ? êµ³ì´ ? ê°œë–¡ê°™ì€ ì§“ë“¤ í•˜ê³  ìë¹ ì¡Œë„¤ ì¦ë§
342,Much respect for ya boss!! ğŸ”¥ğŸ”¥ğŸ”¥
343,u owe nobody an explanation?? i mean uâ€™ve presented some proofs that uâ€™ve been workin on this for the past few months. itâ€™s understandable that some can have similarities and i donâ€™t get why u get so much hate on this? i hope other people would understand. thanks for explaining everything and i hope u r doing good ğŸ¥ºâ¤ï¸ stay safe!
344,We understand. I also apologized for jumping into conclusion that you copied it when I said it looks like Mino's...was really wrong of me with that. The fans should take responsibility to admit their mistake too. You're a friend of Mino and I hope this won't be a reason for you two to be awkward with each other. I apologize you have to experience this from our fandom.
345,ë°œìŒ ì§€ë¦¬ë…¸
346,RespectğŸ‘ğŸ¼
347,You are a good rapper with a good heart â¤ï¸donâ€™t worry about people with a black heart theyâ€™re need to clean Their heartğŸ‘ğŸ»ğŸ‘ğŸ»
348,please do some asmr shit videos in your channel FOR REAL
349,â¤ï¸ğŸ˜Š
350,ğŸ”¥ğŸ”¥â¤ï¸
351,"Thank you for speaking up. But itâ€™s weird that not only the color but the concept, design and font are VERY SIMILAR. The designers must have same taste ğŸ¤¡"
352,Fan can question. Those are similar you have to agree. Thank you for clearing out though.
353,ê·€ì—¬ì›Œ ê·¸ëƒ¥ ë‹¤
354,"Thank you, this some big boss energy!! â¤ï¸â¤ï¸â¤ï¸"
355,ì•„ ëª©ì†Œë¦¬ê°€ ì™œì¼€ ë©‹ìˆëƒ
356,ğŸ‘
357,"All these years watching you on SMTM and never knew how good your English was, wowâ¤ï¸"
358,ğŸ”¥
359,"I don't understand why people keep blaming a good man like Swings, you're the bestğŸ’ª"
360,"thank you for your clearing, and I am sorry for the last comment for you. HEAT fighting! - from a fan of MINO"
361,@_christianwoo he is so good at english
362,@sseung_jun_ ìœ™ìŠ¤í˜•ğŸ˜‚
363,@19parea99
364,@miumiuuuuuugirl
365,@itsjustswings í˜•ë‹˜ í•­ìƒì‘ì›í•©ë‹ˆë‹¤ğŸ”¥ğŸ”¥@kseohee__
366,Youâ€™re the bestğŸ”¥
367,@jghkle ã… ã… 
368,Congrats on the book!!!
369,no big deal but the people making it seem like it is are just giving you free promo ğŸ˜‹
370,ê´œì°¨ë‚˜ ê´œì°¨ë‚˜ì•„ ğŸ§¡
371,í 
372,ã…‹ã…‹ã…‹ã…‹ã…‹ã…‹
373,ë©‹ìˆì–´
374,babyğŸ¥ºğŸ¥º you did well
375,Where's black nut? Can you exonerate him?
376,ì € ìŠ¤ìœ™ìŠ¤ë‹˜ ì—„ì²­ì¢‹ì•„í•´ì„œ ì¸ìŠ¤íƒ€ë¥¼ ë³´ëŠ”ë° ì˜ì–´ë¥¼ ë‹¤ ëª»ì•Œì¸ ë“£ê² ì–´ìš” ìŠ¤ìœ™ìŠ¤ íŒŒì´íŒ…
377,"It's all good, we will still support your book ğŸ˜"
378,Happy birthday once againğŸ‚
379,Thats a good move .... Its better to clear things up rather than listening to people talking shit
380,"This is why I love swings. Swings is honest, a true man. He see a hot topic about him he talk, he clarified he proves. That why heâ€™s the king ğŸ‘‘"
381,You good ğŸ˜­ they tripping
382,ğŸ‘ğŸ‘
383,ğŸ‘ğŸ‘ğŸ”¥
384,Stay strong! Just ignore the haters.
385,ğŸ™Œ
386,Those international fan comments are so funny ã…‹ã…‹ã…‹ã…‹ã…‹ã…‹
387,"I saw Swings has another book. On the cover thereâ€™s simple bold text on a solid background too. Considering his preference for his first book, this new design might just be how he likes to do his books. People just needa hop off his d*** ğŸ¤·ğŸ»â€â™‚ï¸ idk I just think itâ€™s unfair if he woulda had to change something he likes and worked hard on for a while just because of an unlucky coincidence"
388,real ë‚¨ì
389,It happens sometimes. Itâ€™s okay. Itâ€™s not a big dealğŸ‘ğŸ»ğŸ‘ğŸ»ğŸ‘ğŸ» We canâ€™t read peopleâ€™s mind. I love both of youâ¤ï¸
390,â¤ï¸ğŸ”¥
391,@hziny___ ì§„ì§€í•œë° ì˜ì–´ë°œìŒì— ì¹˜ì´ë„¤..ğŸ¤­
392,@sayeunlove ì—„ë§ˆ ì´ê±° ë´ë´
393,ë² ìŠ¤íŠ¸ì…€ëŸ¬ ì‘ê°€ë‹˜~~
394,"Thank you for the clarification. As WINNER fan, I really appreciate this video. Best of luck with your album."
395,Haters gonna hate without valid reason...you do your thing ğŸ”¥â¤ï¸...we love you
396,????
397,gotcha manğŸ‘
398,Your book looks cool I wonder if it will be available in America. I need to get one
399,ì†¡ë¯¼í˜¸ ì•¨ë²”ì»¤ë²„ ë³´ê³  ì˜¤ë‹ˆê¹Œ ê½¤ ë¹„ìŠ·í•œ ê±° ê°™ê¸´ í•œë° ì• ì´ˆì— ì»¤ë²„ íŠ¹ì§•ì´ ì˜¤ë Œì§€ìƒ‰ ë°°ê²½ ìœ„ì— ê²€ì€ ê¸€ì”¨ê°€ ë‹¤ì„ ë˜ê²Œ ì‹¬í”Œí•¨ ê·¸ëƒ¥ ìš°ì—°íˆ ê²¹ì¹œ ë“¯
400,ì•„ë‹ˆ ìƒ‰ê¹”ì´ë‘ í°íŠ¸ëŠ” ë‘˜ì§¸ì¹˜ê³  ì´ë¦„ì— ì›ê¹Œì§€ ë˜‘ê°™ë‹¤ëŠ”ê²Œ ë§ì´ë¨?
401,ğŸ‘ğŸ‘ğŸ‘â¤ï¸
402,@jang_seo_nu í•´ì„í•˜ë©´ 5ì–µ
403,"Thank you swings. Huge fan of yours and all 3 label. IMJMWDPâ€™s music has been so insane in quality, experimentation, and the artists are all so dope. Appreciate you man, respect from Texas/NM"
404,"As an Inner Circle Iâ€™m glad you addressed this. I still think itâ€™s fair the similarity was questioned (not only by IC but by the general public as well, what people seem to forget) since MINO put his heart and soul in this album. IC is a chill fandom tho so most of us now believe itâ€™s just an unfortunate coincidence. Thanks again, best of luck!"
405,Don't worry boo these things happen ğŸ’• Don't let the turkeys get ya down.
406,Glad to hear you clearing that situation up! It sounds sincere not like some other rappers...
407,â¤ï¸â¤ï¸
408,ì‡¼ë¯¸ì˜ë³´ê³ ìˆì–´ìš”
409,I'm happy you addressed this ğŸ’¯
410,@anzahyeon @ì§‘
411,"Congrats on your book ğŸ™ŒğŸ», ignore the hate, pa delante swings â™¥ï¸"
412,ê¹ì¹˜ì§€ ë§ê³  ì¡°ìš©íˆ ì§œê·¸ëŸ¬ì ¸ ì‚´ë©´ ì•ˆë¨?
413,We love you swings â™¥ï¸â™¥ï¸â™¥ï¸
414,"People will try to do anything and everything to bring you down, but they canâ€™t. Thank you for being you. Much blessings to you and I will be purchasing this book when itâ€™s available here in the US. @itsjustswings"
415,"Donâ€™t care about what people say, there is not a patent in the choice of a cover, you do absolutely what you want, people who accuses you of copying are not more than 17 years old and are ridiculous, you donâ€™t have to justify yourself, you do and did a good work and you are an amazing artist, I hope you will be able to sell as many copies of your beautiful project"
416,@nasein2725 ì¥í˜¸ì¤€ìƒ˜ ë‹®ì•˜ì§€ ì•Šëƒ
417,Where is the evidence the data? I dont see it on ur story
418,@mang_ji73 LOL
419,@_you_jung_o_o He is a champion
420,@mang_ji73 we are not champion
421,ë¬¸ì§€í›„ì´ëŠ” ì´ì œ ê± ìœ„ì¸ ë ˆë²¨ì— ë‹¤ê°€ê°”ì„œ ğŸ’ª
422,í˜•ì´ ë‚˜ëˆ„ëŠ” ì •ë³´ë“¤ì€ ì •ë¦¬ëœ ì •ë‹µì— ê°€ê¹ìë‚˜ìš”. ê¼­ ì‚¬ì•¼ê² ë„¤ğŸ‘ğŸ¾
423,ë¬´ì¡°ê±´ ì‚°ë‹¤!!
424,ì™€ìš°!!!!!!ğŸ”¥ğŸ”¥
425,Design is also ğŸ”¥
426,ğŸ‘ğŸ‘ğŸ‘
427,ë©‹ì§€ë‹¤ğŸ‘
428,ì†¡ë¯¼í˜¸ ì •ê·œì•¨ë²”ì¸ì¤„
429,í˜• ì†¡ë¯¼í˜¸ ì—˜ë²”ì»¤ë²„ë‘ ë¹„ìŠ·í•´ë³´ì—¬
430,í˜¸ìš°ğŸ‰ğŸ‰ğŸŠğŸŠ
431,The bible for the boss??? ğŸ”¥ğŸ”¥ ğŸ‘Œ
432,thatâ€™s when us international fans start crying
433,ë§ˆì´ì·ì·â¤ï¸ğŸ‘
434,ê·¼-ë³¸
435,â¤ï¸
436,@june_qb ì œëª© 'ìš°ì‚¬ì¸ë³¼íŠ¸ì™€ ëˆê¹ŒìŠ¤ì˜ ê´€ê³„' ì˜€ìœ¼ë©´ ìƒ€ë‹¤
437,@ddongjun__ ë‚˜ì´ê±° ì‚¬ì¡°ìš”
438,@iam.binn ì´ê±° ë“¤ê³  ì‹¸ì¸ë°›ìœ¼ëŸ¬ê°€ì
439,lei rawh i idol @oohmoist.jsuh
440,@m2delight ì™€ìš°
441,@numlume
442,@s_oneeeee ì˜¤ë¹  í¬ë¦¬ìŠ¤ë§ˆìŠ¤ ì„ ë¬¼
443,@woookfficial_96 ì‚´ê±°?
444,@h._.hyunn
445,@wugne íŒŒì›Œ ìƒê°ë‚œë‹¤
446,@gyeong__in_ ğŸ”¥
447,@hyuniwith
448,@zer0_juuu ë‹¹ì¥ì‚¬ëŸ¬ê°€ì
449,@since____98 ì‚¬ì£¼ê²ë‹ˆ?
450,@youngbinbean ì±™ê²¨ì•¼í•´ ë‹¤ ì±™ê²¨ì•¼í•´
451,@s.youngee ì‚°ë‹¤ì‰ğŸ¥´
452,ì™€ ì´ê±° ì§„ì§œ ì¬ë°Œë˜ë°..
453,ë‚´ì¼ì€ ì œ ìƒì¼ì…ë‹ˆë‹¤
454,@young__one_._ .....
455,@rehoonx2 ì‚¬ì¤„ê¹Œ ê³µì¥¬
456,ì˜¤....ğŸ”¥ğŸ”¥ğŸ”¥ğŸ”¥
457,ë°”ë¡œ ì‚´ê²Œìš” í˜•
458,ğŸ¤ª
459,ì˜ì–´ë¡œ ë²ˆì—­í•  planìˆì–´ìš”?
460,í˜• ë‚˜ íŒŒì›Œ ìƒ€ê±°ë“  ê·¸ë‹ˆê¹Œ ì €ê±° ì„ ë¬¼ë¡œ ì£¼ëŠ”ê±° ì–´ë•Œ
461,ë°”ì•„ë¡œ ì‚½ë‹ˆë‹¤
462,ì§ì—…ì´ ëª‡ê°œì…ë‹ˆê¹Œ ì„±ë‹˜
463,ğŸ˜ğŸ˜
464,"ë©˜íƒˆí•˜ë©´ ìŠ¤ìœ™ìŠ¤í˜•ë‹˜..,ğŸ”¥ğŸ”¥"
465,ì™€ì‚¬ê³ ì‹¶ë‹¤ íŒŒì›Œë„ëª»ìƒ€ëŠ”ë°
466,ğŸ–¤ğŸ–¤ğŸ–¤
467,ì¡´ê²½í•©ë‹ˆë‹¤
468,ì‚¬ì•¼ì§€ ğŸ’œğŸ’œ
469,eë¶ì´ë‘ ì˜¤ë””ì˜¤ë¶ë„ ë‚´ì£¼ì„¸ìš”ã… ã… 
470,ì´ë¦„ê°’ í•˜ê² ë„¤ğŸ”¥
471,ğŸ”¥ğŸ‘
472,ğŸ”¥
473,í˜• ë¨¸ë¦¬ì— ë°”ì½”ë“œê°€ ìˆë„¤ìš”ğŸ™Š
474,ğŸ”¥
475,â¤ï¸â¤ï¸â¤ï¸ğŸ‘ğŸ‘ğŸ‘
476,íˆíŠ¸ë‹¤ íˆíŠ¸!
477,í— â¤â¤â¤ ë‚¼ ë°”ë¡œ ì‚´ê²Œìš”
478,í— ì±…ì´ë¼ë‹ˆã€°ï¸ ì¶•í•˜ë“œë ¤ìš”ğŸ°
479,ğŸ”¥
480,ëŒ€ë°• ë°”ë¡œ ì‚´ë˜
481,ğŸ”¥ğŸ”¥ğŸ”¥ğŸ”¥
482,êµ¬ë§¤ê°ì´ë‹¤
483,ì™€ ì–¼ë§ˆì˜ˆìš”?
484,í™€ë¦¬ì‰¿ êµ¬ë§¤ê°!!
485,ëœ¨ê±°ìš´ë‚¨ì
486,ì˜¤ìš°.. ë©‹ì§„ ì‚¬ëŒğŸ‘
487,ğŸ¤ŸğŸ¤ŸğŸ¤ŸğŸ‘
488,King...
489,ì˜¤ğŸ‘ğŸ”¥ğŸ”¥
490,ì„œì ìœ¼ë¡œ ê³ ê³ ì”½!!!
491,íŒŒì›Œ 20ë²ˆ ì½ì—ˆëŠ”ë° ìš” ë…€ì„ë„ 20ë²ˆ ì½ê² ìŠµë‹ˆë‹¤ ê°ì‚¬í•¨ë‘¥ !!
492,ë„ˆë¬´ ë©‹ìˆë‹¤.
493,ì´ì œ ë°•ì§€ì„±ì´ë‘ ë™ê¸‰ì´ì‹œë„¤ìš”
494,ë‚˜ã…íŒŒì›Œë„ì½ì—‡ì„œìš” ì´ê²ƒë“œê¼­ì½ì„ê²Œìš¤ğŸ’—ğŸ’—ğŸ’—
495,ğŸ”¥ğŸ”¥ğŸ”¥ğŸ”¥ğŸ”¥
496,aww
497,Wow~! So amazing!!!!
498,ì±…í‘œì§€ ì˜ˆë»ìš”ğŸ˜ƒ ì†Œì¥ê°ì´ë„¤ìš”!! ì½ì„ê²Œìš”*-*
499,ğŸ‘ğŸ‘ğŸ‘ğŸ‘ğŸ‘ğŸ˜ğŸ˜ğŸ˜ğŸ˜ğŸ˜
500,Powerì†í¸ì…ë‹ˆê¹Œ??!!ğŸ”¥ğŸ”¥ğŸ”¥
501,í˜• ê¼­ì‚´ê»˜ğŸ”¥
502,ê´‘í´ ì˜ˆì • ğŸ‘ğŸ» ì—¬í–‰ ëª»ê°€ëŠ” ì‹œê¸°ì— í˜•ë‹˜ ë©˜íƒˆë¡œ ê´€ê´‘ ë‹¤ë…€ì˜¬ ì˜ˆì • ğŸ¤˜ğŸ»
503,ìŠ¤ìœ™ìŠ¤ëŠ” ëŒ€ë‹¨í•˜ë‹¤
504,@zxzxnm1 ì´ì±…ì‚¬ì¥¬ë–¼ìš¤!!
505,@s_nore_lax
506,ì˜¤..íŒŒì›Œë„ ì¬ë°Œê²Œì½ì—ˆëŠ”ë° ì´ê²ƒë„ ì‚¬ë´ì•¼ê² ìŠµë‹ˆë‹¤ íŠ¹ìœ ì˜ ëˆê¹Œë¬¸ì²´ ê¸°ëŒ€í•˜ê² ìŠµë‹ˆë‹¤
507,í˜•ë‹ ì‚¬ë‘í•´ìš”ğŸ˜­ğŸ˜­ğŸ˜­ ëˆë§Œìˆìœ¼ë©´ 100ê¶Œë„ì‚¬ê³ ì‹¶ë‹¤ ìŠ¤ë°”
508,ì˜¤ ì˜ˆì•½í•´ì„œ êµ¬ë§¤í•œ í›„ ì •ë…í•˜ê² ìŒ!!!
509,@g____y.m ë‚˜ëŠ” ì½ì„ë˜ìš”.. ğŸ˜‚
510,wow you really have done everything. king
511,ê±°ì§€ë¼ë„ ì´ê±´ ë°”ë¡œ ì‚´ê²ë‹ˆë‹¤ íŒŒì›Œ ë„ˆë¬´ ì¢‹ì•˜ì–´ìš” ê¸°ëŒ€ !ğŸ‘
512,ì½ê³  ë…í›„ê° ë‚¨ê²¨ì¤„ê²Œìš” ì˜¤ë¹ ëŠ” ë‚´ ë…í›„ê° ì½ì–´ì¤˜ìš”
513,@whtmfcks ì´í˜•êº¼ ì½ì–´ë´ ã…‹ã…‹ã…‹
514,@fuckyoupizzaboyfreerhehals
515,@ping159357
516,@boseok0
517,IT JUST MOONSWINGS HEAT ğŸ”¥ğŸ”¥ğŸ”¥
518,ê·¸ê²Œ ê·¸ê°€ ë‚¨ê¸°ê³ ê°„ messageì•¼ ê·¸ê²Œ ê·¸ ì‚¬ëŒì˜ albumì´ì•¼ ê·¸ê²Œ ê·¸ì‚¬ëŒì˜ ì‘í’ˆì´ì•¼ ê·¸ê²Œ ê·¸ì‚¬ëŒì˜ masterpieceì•¼.-ìŠ¤ìœ™ìŠ¤- holy-
519,í˜• ë‚˜ ë°”ë¡œ ì‚´ê±°ì•¼
520,ì‹œë°” ì´ê±´ ì‚¬ì•¼ë¼
521,ë‘‘í”ë‘‘í” ê¸°ëŒ€ğŸ‘ğŸ»ğŸ‘ğŸ»
522,@no__raemon ê³µë™êµ¬ë§¤
523,Release black nut from the dungeons
524,ì¼ë¹ ë¡œ ì‚¬ë©´ ë¹¼ë¹¼ë¡œ ì‚¬ì¤˜ìš”
525,íŒŒì›Œë•Œì²˜ëŸ¼ ì‚¬ì¸ì€ ëª»ë°›ê² ì£  ì½”ë¡œë‚˜ë„ ê²¹ì¹˜ê³  í˜•ë„ ì´ì œ ëŒ€ê¸°ì—…ì´ë¼ ã… 
526,@mercieletoile ğŸ˜
527,@kwon.b_17 ê³µë™êµ¬ë§¤ ê°?
528,ë„ˆëª¨ ë©‹ì°Œì‹¬ .. ğŸ§¡ğŸ–¤
529,3ì°¨ê¹Œì§€ ë¿Œìˆ˜ëŠ”ê±°ë³´ê³  ë” ì˜¬ë ¤íŒ”ê¸° ê°œê¿€ ã……ã„±
530,ğŸ”¥ğŸ”¥ğŸ”¥ğŸ”¥ğŸ”¥ğŸ”¥ğŸ”¥
531,ì–´ë¨¸ ì´ê±´ ìœ„í—˜í•´
532,ğŸ‘
533,ì™€ ì§„ì§œ ë¬µìŒì²˜ë¦¬ì•ˆëœ ë²„ì „ ë„ˆë¬´ ë“£ê³ ì‹¶ì–´ìš”ã… ã… ã… 
534,"ëˆê¹ŒìŠ¤ë¼êµ¬ ì¡°ë¡±í•´ì„œ ìš´ë™ë„ í•˜ê³ , í‡´ë¬¼ì´ë¼ê³  ì¡°ë¡±í•´ì„œ ë©ìœ¼ë¡œ ì¦ëª…í•˜ê³  ã… Ì‘Ìˆã… Ì‘Ìˆ ì„¸ìƒì—ì„œ ì œì¼ ë©‹ì ¸ìš” â¤"
535,ì´ í˜• ë”°ë¼í•œë‹¤ê³  ë…¸ë˜ë°© ë§ˆì´í¬ë“¤ ì•„ì‘ë‚˜ëŠ” ì†Œë¦¬ê°€ ì—¬ê¸°ê¹Œì§€ ë“¤ë¦¬ë„¤ ë…¸ë˜ë°© ì‚¬ì¥ë‹˜ë“¤ í˜ë‚´ì„¸ìš”
536,ìœ íŠœë¸Œ ì¸ê¸° ê¸‰ìƒìŠ¹ ë™ì˜ìƒ 1ìœ„ğŸ‘ğŸ‘
537,ë¶„ëª… í™•ì‹¤í•œê±´ í‡´ë¬¼ì´ ìµœê³ ë¼ëŠ” ëœ»ì„ ê°€ì¡Œë‹¤ëŠ”ê±°ë‹¤
538,ğŸ‘ğŸ‘ğŸ‘ğŸ‘ğŸ‘ğŸ‘
539,"ì¸ê°„ì ìœ¼ë¡œ ì§„ì§œ ë©‹ìˆìŒ
ë‚œ ì´ë˜ì„œ ìŠ¤ìœ™ìŠ¤ ì¡´ë‚˜ ì¡°ì•„
ì œì¼ ì–´ë ¤ìš´ ê¸¸ì„ íƒí•´
ê·¸ë¦¬ê³  ë³´ë€ë“¯ì´ ì¦ëª…í•˜ì§€ ğŸ‘"
540,"I don't understand korean , BUT THAT'S MAH BOYYY SWINGS YAYAYAYAYAYYAYYAYAYAğŸ’œğŸ’œğŸ’œğŸ’œğŸ’œğŸ’œğŸ’œğŸ’œğŸ’œğŸ’œğŸ’œğŸ’œğŸ’œğŸ’œğŸ’œğŸ’œğŸ’œğŸ’œğŸ’œ"
541,Swings God ğŸ”¥ I think it would be more popular and legendary stages than the winners of SMTM ğŸ˜‚
542,u deserve all the respect big broğŸ’¯
543,ë„ˆë¬´ ë­‡ë‹›ì–´. ã… 
544,í–‰ë‹˜ì¡´ë‚˜ë¦¬ìŠ¤íŒ©í•©ë‹ˆë‹¤. ê·¸ëˆ„ê°€ ì¡°ë‚˜ì˜¤ê¸€ê±°ë¦°ë‹¤í•´ë„ ë‚¨ìë¡œì¨ ì¡´ë‚˜ë©‹ìˆìŠµë‹ˆë‹¤.
545,ì™€ ê°œì§€ë¦¬ê¸´ í•œë‹¤ ì„¹ì‹œí•´
546,ğŸ”¥ğŸ”¥ğŸ”¥ğŸ”¥ğŸ”¥ğŸ”¥ğŸ”¥ğŸ™ğŸ¾ğŸ™ğŸ¾ğŸ™ğŸ¾ğŸ™ğŸ¾ğŸ™ğŸ¾
547,ì–´ë¨¸ã…œì´ê±´ ìœ„í—˜í•´
548,ì˜¤ë¹  ì§„ì§œ ë„ˆë¬´ ìë‘ìŠ¤ëŸ½ê³  ë©‹ìˆì–´ìš”ğŸ‘ğŸ‘ğŸ‘
549,ë¯¸ì³ì’€ğŸ¤­
550,í‡´ë¬¼ì´ ì•„ë‹ˆê³  ëŒ€ë¬¼ì„..
551,@jisung.han @kylechaaau why is this season so crazg
552,@gwang_m0810 ì´ê±° ë©‹ìˆë‹¤ê³  ?
553,@ay2ari ì§€ë ¤ã„¸ã…â€¢â€¢â€¢
554,ì–´ë¨¸ã…œì´ê±´ ìœ„í—˜í•´
555,ì˜¤ë¹  ì§„ì§œ ë„ˆë¬´ ìë‘ìŠ¤ëŸ½ê³  ë©‹ìˆì–´ìš”ğŸ‘ğŸ‘ğŸ‘
556,ë¯¸ì³ì’€ğŸ¤­
557,@zziho__x ì˜í•˜ì§•
558,@lamar_90220 ê·¼ë° ë§ˆì´í¬ ì–¸ì œ ë–¨ì–´ì ¸ã…‹ã…‹ã…‹ã…‹ã…‹ã…‹
559,@gookabbang ë©‹ìˆì§€..
560,@hye.x_x í˜œìˆ˜ê°€ ì¢‹ì•„í•˜ëŠ” ìŠ¤ìœ™ìŠ¤ë‹¤
561,í‡´ë¬¼ì´ ì•„ë‹ˆê³  ëŒ€ë¬¼ì„..
562,@chaaaan__00 king ê°œê°„ì§€
563,ğŸ‘ğŸ‘ğŸ‘ğŸ‘ğŸ‘ğŸ‘ğŸ‘
564,ì´ê²Œ ë°”ë‚˜ë‚˜ì˜ í˜ì¸ê°€...
565,ìŠ¤ìœ™ì“°ì—†ìœ¼ë©´ ì•ˆë´¤ë‹¤ì‡¼ë¯¸...
566,â£ï¸ğŸ”¥ğŸ”¥ğŸ”¥ğŸ”¥ğŸ”¥
567,í™í•©ì„ ì˜ëª¨ë¥´ëŠ” í™ì°”ì´ì§€ë§Œ another level ì¸ê±°ëŠ” ì•Œê² ë„¤ìš”... ë©‹ìˆëŠ” ì‚¬ëŒì´ ë˜ìê°€ ì‚¶ì˜ ëª©í‘œì¸ë° ìŠ¤ìœ™ìŠ¤ ë‹˜ì€ ì •ë§ ê·¸ëƒ¥ ë©‹ìˆë„¤ìš”! ì‘ì›í•©ë‹ˆë‹¤!! í™”ì´íŒ…!!
568,ì €ê²Œ í‡´ë¬¼ì´ë¼ë©´ ì €ëŠ” í‡´ë¬¼ì…ë‹ˆë‹¤.
569,@belle0roses king ë„ˆë„¤ë“¤ ë‚˜ ëª» ì´ê²¨ ì´ ë¶€ë¶„ ì§„ì§œ ì·¨ì €ë‹¤ ã… ã… ã… ã… ã… ã…œã…œ
570,ê°œ ë©‹ìˆë‹¤...
571,@s__hoooo_ í‚¹ ë‹ˆë„¤ë“¤ì€ ë‚˜ ëª»ì´ê²¨ ìš” í‡´ë¬¼ë˜í¼ ì–´ë• ì–´
572,"ì•„ë‹ˆ ê°œì˜í•´ ,,,"
573,ğŸ‘ğŸ‘ğŸ‘ìµœê³ ğŸ‘
574,ğŸ”¥ğŸ”¥ğŸ”¥ğŸ”¥ğŸ”¥ğŸ”¥ğŸ”¥
575,ã…ˆã„´ë©‹ì§€ë‹¤... ì‘ì›í•©ë‹ˆë‹¤ í™”ì´íŒ…ğŸ‘ğŸ‘
576,ğŸ‘ğŸ‘ğŸ‘ğŸ”¥ğŸ”¥ğŸ”¥
577,ğŸ”¥ğŸ”¥ğŸ”¥âš¡âš¡ğŸ”¥ğŸ”¥ğŸ”¥
578,ì§„ì§œ ì˜í•˜ë„¤
579,ì§œì•™â¤ï¸
580,í˜• ì§„ì§œ ìš°ìŠ¹ê°€ì£ 
581,í‡´ë¬¼ë˜í¼ ì©”ì—ˆì–´ìš”....ğŸ˜¢ğŸ‘
582,ì•Œëœ°í•œ ìš”í•œì”¨ @yohanheaven
583,Can't wait ğŸ˜­ğŸ˜­ğŸ˜­
584,í‹°ë¹„ìœ ë¨¸ ê³„ì •ì¸ì¤„ ì•Œì•˜ì–´ í˜•ğŸ˜™
585,@yjwh0609
586,ë‹¤ì‹œ ë´ë„ ë©‹ìˆë‹¤
587,ğŸ‘
588,ğŸ”¥ğŸ”¥ğŸ”¥
589,ì§„ì§œ ë©‹ìˆì—ˆëŠ”ë° ğŸ”¥ğŸ”¥
590,ê·¸ê±¸ ë‚´ê°€ ì‚¬ëŸ¬ê°”ë‹¤ê³  í•œë‹¤...
591,í•œìš”í•œ ì •ë§ ì•Œëœ°í•´...
592,ì‚¬ë‘í•´ìš©â¤ï¸
593,ğŸ”¥ğŸ”¥ğŸ”¥
594,ì•Œëœ°ì‚´ëœ° í•œìš”í•œ..
595,@jooooooong.1 ğŸ‘
596,King
597,@woolimyi14 ì´ê±°ë´ ì¥ë‚œ ì•„ëƒ â™¥ï¸
598,ì¡´ë‚˜ ë©‹ìˆì—ˆë‹¤ ã… ğŸ˜â¤ï¸
599,â¤ï¸
600,ì°¢ì—‡ìŠµë‹ˆë‹¤ ğŸ‘ğŸ‘
601,ìº¬~~~~~~~~ê¸‰ìƒìŠ¹ì˜ ì•¼ìˆ˜~~~~
602,ğŸ‘ğŸ»
603,LL Cool Swings ğŸ’ª
604,ìµœê³ ì˜€ì–´ğŸ‘ğŸ»ğŸ–¤
605,ğŸ‘
606,ì•ˆ íŠ€ê²¨ì ¸ì„œ ë‹¤í–‰ì´ì•¼ ğŸ½ ìë‘ìŠ¤ëŸ½ë‹¤ ëˆê¹Œ ğŸ‘ğŸ»ğŸ‘ğŸ»
607,ìš°ë¦¬í˜• ã…
608,ìŠ¤ìœ™ìŠ¤ë‹˜ì˜ ëª½ê³¨ì¸ğŸ‡²ğŸ‡³ğŸ‡²ğŸ‡³ íŒ¬ì´ì—ìš”. ì–´ì œ ë°©ì†¡ ë³´ê³  ë§ì´ ìš¸ì—ˆì–´ìš”. ìì¡´ê°ì´ ë–¨ì–´ì§ˆë•Œ ìŠ¤ìœ™ìŠ¤ë‹˜ì˜ ìœ íŠœë¸Œ ì˜ìƒ ë³´ê³  ë§ì€ ìœ„ë¡œì™€ ìê·¹ì„ ë°›ì•˜ì–´ìš” . ì•ìœ¼ë¡œ ì›ƒëŠ” ë‚ ì´ ë§ì„ ê±°ë¼ ë¯¿ì–´ìš”ğŸ™†â€â™€ï¸
609,ìŠ¤ìœ™ìŠ¤ ë¬¸ì§€í›ˆ ë©‹ìˆë‹¤!!!!ğŸ’¯ğŸ’¯
610,ğŸ¥¶
611,ì–´ë• ê¸´ ì°¢ì—ˆë“œë¼... â€œëŠë„¤ë“¤ ë‚˜ ëª¬ì´ê²¨~â€
612,ìµœê°•ì´ë‹¹
613,ìµœê³ ë‹¤ì•„ ğŸ˜­â™¥ï¸
614,ëŒ€ ë©‹ì¡ŒìŒìš” ..ğŸ’ªğŸ»
615,ì§± ë©‹ì ¸ìš” ğŸ¤ğŸ¤ğŸ¤
616,ğŸ’¯ğŸ’¯ğŸ’¯ğŸ’¯
617,ì‡¼ë¯¸ë³´ë©´ì„œ ëˆê¹ŒìŠ¤ë¨¹ì—‡ëŠ”ë° ë§ˆì´í¬ë˜ì§€ëŠ”ë¶€ë¶„ì—ì„œ ë†€ë˜ì„œ ë¨¹ë˜ ëˆê¹ŒìŠ¤ ë–¨ì–´íŠ¸ë¦¼..ë§ˆì´í¬ë³€ìƒí•˜ì§€ë§ê³  ë‚´ëˆê¹ŒìŠ¤ë„ ë³€ìƒí•´ë¼ğŸ‘ğŸ‘ğŸ˜
618,"ì–´ì œ ë°©ì†¡ë³´ê³  ì™  ëˆˆë¬¼ ë„ˆë¬´ ë§ì´ ìš¸ì—ˆì–´ìš”, ê¸°ë¦¬ë³´ì´ ì›ƒëŠ” ëª¨ìŠµ ì¢‹ì•„ì„œ ë‹¤ì‹  ìš¸ë¦¬ëŠ” ì¼ ì—†ë„ë¡ ã…‹ã…‹ã…‹ ì–´ì œ ì§„ì§œ ì—­ëŒê¸‰ ë ˆì „ë“œ ğŸ’•ğŸ”¥"
619,ê°œê°„ì§€ ëª‡ë…„ë§Œì— ì‡¼ë¯¸ë³´ë©´ì„œ ì²˜ìŒ ì†Œë¦„ë‹ì•˜ìŠµë‹ˆë‹¤ í–‰ë‹˜âœ¨
620,ìš©ê¸°ìˆê³  ë©‹ìˆì–´ìš”
621,ìŠ¤ìœ™ìŠ¤ë¼ëŠ” ì‚¬ëŒì´ ëˆ„êµ¬ì¸ì§€ë¥¼ ì˜ ì•Œë ¤ì¤€ ë¬´ëŒ€
622,ë°©ì†¡ë³´ê³  ìš¸ìŒë³´ê°€ í„°ì ¸ë²„ë ¸ìŠµë‹ˆë‹¤...ğŸ‘ğŸ‘
623,í˜• ì¡´ë‚˜ ë©‹ìˆì–´
624,ë”°ë‘í•´ ì•„ê¸° ëˆê¹Œ â¤â¤
625,ì§„ì§œ ì¡´ë‚˜ ë©‹ìˆì–´ ì˜¤ë¹  ë„Œ ....
626,ì˜¤ëŠ˜ ì‹ ì´Œì—ì„œ 2ë¹ ë¡œ ë´ì„œ ì •ë§ ì˜ê´‘ì´ì—ˆì–´ìš”!
627,ìš°ì™€ì•„...ğŸ‘ğŸ»ğŸ‘ğŸ»ğŸ‘ğŸ»
628,ì§„ì§œ ë³´ê³  ì›€.. ì˜¨ëª¸ì— ì†Œë¦„ë‹ì•˜ì–´ìš” ë„ˆë¬´ ë©‹ìˆì–´ìš” ì •ë§
629,"@mini_h97 ë‚˜ ì´ê±°ë³´ê³  ìŠ¤ìœ™ìŠ¤ íŒ¬ë˜ì¨ ,, ì°¸ ë©‹ì§„ ì‚¬ëŒ ã… "
630,@lovesxckxxrl ì´ë˜ì„œ ë‚´ê°€ ê·¸ëŸ°ê±°ì•¼
631,í˜•ì§„ì§œ ë„ˆë¬´ë©‹ìˆì—ˆì–´
632,@chang_gi_man_gi ë¯€ì°Œë‹¤ ì§„ì§œë£¨ ã… ã…¡ã…  í•˜
633,ë§ˆì´í¬ ë¨¸ë¦¬ì— ë§ì•˜ìŒ ì²œë§Œë·°ì¸ë°
634,ğŸ–¤í™”ğŸ–¤ì´ğŸ–¤íŒ…ğŸ–¤ @jh_won
635,@k1ng_s_h ë‹´ì£¼êº¼ ë³´ê³ ì‹¶ë‹¤
636,ğŸ‘ğŸ‘ğŸ‘ğŸ‘ğŸ‘
637,@jupy_13 ì§„ì‹¬ìœ¼ë¡œ ë©‹ìˆì–´
638,ë‚´ ë§ˆìŒì†ì˜ í˜•ì€ í•­ìƒ 1ë“± ì´ì—ˆì–´
639,@on_yunju_air ì§„ì§œ ì¡´ê²½í•˜ê³  ì‚¬ë‘í•˜ëŠ” ë§ˆìŒìš” â€¢â€¢â€¢â€¢â€¢
640,@minchyo__ ê°œë©‹ì§ ë°”ë°”
641,"ì§„ì§œ ì†Œë¦„..,, ì¡¸ë¼ ë©‹ìˆì–´ìš”..ğŸ‘ğŸ‘"
642,ìš°ë¦¬í˜•
643,ì¡´ë‚˜ ë¨¸ì‹¯ì–´ ì®œë²ŒğŸ”¥ğŸ”¥
644,"ì œê°€ ë‹¤ ëˆˆë¬¼ë‚˜ìš”ã… ã… 
í™”ì´íŒ…ğŸ™ğŸ»â¤ï¸â¤ï¸â¤ï¸"
645,êµ¿êµ¿ ë„ˆë¬´ ì¢‹ìŠµë‹ˆë‹¤ í˜•ë‹˜
646,KING.
647,ëˆê°€ìŠ¤ ì°ì ì˜ í•˜ë‹¤!!!! ğŸ·çŒªçŒª í™”ì´íŒ…!!!!
648,â¤ï¸
649,ë³´ë©´ì„œ ì €ì ˆë¡œ ëˆˆë¬¼ì´ ë‚¬ì–´ìš”..
650,ì‚¬ë‘í•´ìš” â™¥ï¸â™¥ï¸ ì²˜ìŒìœ¼ë¡œ ë°˜í•œ ë˜í¼
651,@iamsoawesome ë©‹ì ¸ìš” ë°˜í–ˆì–´ìš”
652,ì¡´ë‚˜ ë©‹ìˆë‹¤
653,ì¡´ë‚˜ ë¨¸ì‹¯ì–´
654,You deserve it boss
655,#kingswings
656,í˜•ì€ ì´ì œ ëˆê¹ŒìŠ¤ê°€ ì•„ë‹ˆë¼ ìŠ¤í…Œì´í¬ë‹¤
657,WE ARE PROUD WITH YOU!!!
658,í™”ì´íŒ…ğŸ‘ğŸ’•
659,ğŸ‘ğŸ”¥
660,ì‘ì›í•©ë‹ˆë‹¤.ğŸ¤—
661,ğŸ‘ğŸ‘ğŸ‘
662,ë‹¹ì‹ ì€ ì´ì œ ìˆ¨ë§Œì‰¬ì–´ë„ ì‚¬ë‘ë§Œ ë°›ëŠ” ì‚¬ëŒâ¤ï¸
663,ì¡´ë©‹ğŸ‘ğŸ»
664,ë©‹ì ¸
665,ğŸ‘ğŸ‘ğŸ‘ğŸ‘ğŸ‘ğŸ‘
666,ìŠ¤ìœ™ìŠ¤ê°€ ì„¸ìš°ê³  ìŠ¤ìœ™ìŠ¤ê°€ ë§ˆë¬´ë¦¬ ì§“ëŠ” ì‡¼ë¯¸ë”ë¨¸ë‹ˆ ì‹œë¦¬ì¦ˆ. ê²°ìí•´ì§€
667,ğŸ™ğŸ»ğŸ™ğŸ»
668,ìŠ¤ìœ™ìŠ¤ ë©‹ìˆì–´ìš”!!ì§„ì‹¬ìœ¼ë¡œ í˜ë‚´ì‹œêµ¬ ì•ìœ¼ë¡± ì—´ì‹œë¯¸ ì‘ì›í• ê²Œìš”ğŸ’–
669,ì™€ ì§„ì§œ ì—­ëŒ€ê¸‰ ì¶©ê²©
670,ì§„ì§œ ë„ˆë¬´ ë©‹ìˆì–´ìš”ğŸ™ğŸ» ë³¸ë°›ê³ ì‹¶ìŠ´ë‹¤
671,ë©‹ìˆìŠµë‹ˆë‹¤í˜•ë‹˜
672,ë¦¬ìŠ¤í™ğŸ‘ğŸ»ğŸ‘ğŸ»ğŸ”¥
673,ğŸ”¥ğŸ”¥ğŸ”¥ğŸ”¥
674,ì¡´ë‚˜ì˜í•¨
675,ì—­ì‹œ ë¦¬ìŠ¤í™ğŸ”¥
676,â¤ï¸
677,â¤ï¸â¤ï¸
678,KING
679,â¤ï¸
680,ë§¤ìš´ëˆê¹ŒìŠ¤
681,ë‚˜ ì´ì˜¤ë¹  ì¡°ì•„í•¨â¤ï¸
682,ìµœê³ ì˜€ì–´!
683,"ë©‹ìˆì–´ìš”ğŸ‘ğŸ‘ğŸ‘ì •ë§ ë³´ëŠ” ë‚´ë‚´ ì†Œë¦„ ë‹ì•˜ë„¤ìš”ã…ã…ì €ë„ ìŠ¤ìœ™ìŠ¤ë‹˜ì²˜ëŸ¼ ë¬´ëŒ€,ê´€ê°ì„ ì¥ì•…í•˜ëŠ” ë© í•´ë³´ê³ ì‹¶ë„¤ìš”ğŸ”¥ğŸ”¥"
684,êµ­í™ì›íƒ‘ ëˆê¹ŒìŠ¤
685,ê°™ì€ ë‚¨ìê°€ ë´ë„ ë©‹ì§€ë„¤ìš”~ì‘ì›í•©ë‹ˆë‹¤!ğŸ‘
686,ì´í˜•ì§„ì§œ ì£½ì—¬ì£¼ë„¤
687,ğŸ”¥ğŸ”¥ğŸ”¥ğŸ”¥
688,Legend
689,ì˜¤ë¹  ì¡´ë‚˜ê²Œ ë©‹ì ¸
690,ğŸğŸğŸğŸ
691,ê·¸ëƒ¥ ë©‹ìˆë‹¤
692,ã„¹ã…‡ ê°œë©‹ìˆìŠµë‹ˆë‹¤ í˜•ë‹˜!!!!
693,PioneerrrrğŸ”¥ğŸ”¥ğŸ”¥
694,êµ¬ë¼ê°€ ì•„ë‹ˆê³  ã„¹ã…‡ ì˜¤ì¤Œ ì§€ë¦¼ ë„ˆë¬´ ë©‹ì ¸ì—¬
695,ê·¸ ìš©ê¸° ë‹®ê³ ì‹¶ë‹¤. ëŒ€ë‹¨í•´ğŸ™Œ
696,@ihaneul8253
697,ğŸ’¯ğŸ’¯ğŸ’¯ğŸ’¯ğŸ’¯ğŸ’¯ğŸ’¯ğŸ’¯ğŸ’¯ğŸ’¯ğŸ’¯
698,ê°œë©‹ìˆì—ˆì—‰ğŸ¥‡
699,ã…ã…ğŸ–¤
700,ì§„ì‹¬ ë„ˆë¬´ ë©‹ìˆì—ˆìŒ!!!ğŸ‘ğŸ”¥ğŸ”¥ğŸ”¥ğŸ”¥ğŸ”¥ğŸ”¥ğŸ”¥ğŸ”¥
701,ëˆˆë¬¼ì´ ì£¼ë¥´ë¥µ
702,í˜• ìƒˆì¹˜ê°€ ë„ˆë¬´ ë³´ì˜€ì–´ìš” ìŠ¤íŠ¸ë ˆìŠ¤ ë°›ì§€ ë§ˆì‹œê³  ê±´ê°•í•˜ì„¸ìš”ã… 
703,ìµœê³ ë¼ëŠ” ìˆ˜ì‹ì–´ê°€ ì–´ìš¸ë¦¬ëŠ” ë˜í¼
704,ëˆ„ê°€ í‡´ë¬¼ë˜í¼ì•¼ ì‹œë°œ ìŠ¤ìœ™ìŠ¤ê°€ ê·¸ëƒ¥ ìŠ¤ìœ™ìŠ¤ í–ˆë‹¤ ì €ê¸°ìˆëŠ” ì‚¬ëŒë“¤ ì¤‘ì—ì„œ ì œì¼ ì˜í•˜ê³  ì œì¼ ë©‹ì¡Œê³  ì œì¼ ê°ë™ì ì´ì˜€ìŒ
705,ì¢‹ë‚˜ë©‹ì¡Œì–´
706,ì¡´ë‚˜ ë©‹ìˆì–´ìš”.ğŸ‘ğŸ‘ğŸ‘ ê·¸ëƒ¥ ì´ì   ì œì¼ ì¡´ê²½ìŠ¤ëŸ¬ìš´ ì‚¬ëŒ
707,ONE AND ONLY
708,ì™€ ì´ë•Œê¹Œì§€ ì•µê°„í•œ ì‡¼ë¯¸ 2ì°¨ë¬´ëŒ€ ë‹¤ ë´¤ëŠ”ë°.. ì§„ì§œ ìµœê³ ë‹¤ í•œ ì—´ë²ˆ ë„˜ê²Œ ëŒë ¤ë³´ë©´ì„œ ì‚¼ì‹­ë¶„ì€ ì§ˆì§ˆ ì§ ê±° ê°™ë‹¤.. ìŠ¤ìœ™ìŠ¤í˜• legend of legends ì…ë‹ˆë‹¤!!
709,ê°œì©”ì—ˆì–´ìš” í˜•
710,ì§„ì§œ ë ˆì „ë“œ
711,ë‚˜ëŠ” ì˜¤ëŠ˜ ì§„ì§œ í™í•©ì„ ë´¤ë‹¤
712,ì§€ë ¸ì–´
713,ì©”ì—ˆì–´
714,RESPECT
715,ğŸ‘ğŸ‘ğŸ‘ğŸ‘ğŸ‘ğŸ‘ğŸ‘ğŸ‘ğŸ‘ğŸ‘ğŸ‘ğŸ‘
716,ìŒŒë‹¤...
717,ğŸ˜
718,í˜• ì©”ì—ˆì–´ìš”
719,ì™„ì „ì§±!!!ì´ì—ˆì–´ìš”ğŸ‘
720,ì˜¤ë¹ ê°€ ë‹¤ ì°¢ì—ˆì–´
721,í˜• ì¡´ë‚˜ ë©Œìˆì–´
722,ã„¹ã…‡ ìŒŒì–´ í˜•
723,"ì¡´ë‚˜ ë©‹ìˆì—ˆìŠµë‹ˆë‹¤ğŸ”¥
Itâ€™s goodğŸ‘"
724,@kongsirra ê·¸ëƒ¥ ë©‹ìˆì—ˆë‹¤ ë„ˆ ! ! !
725,@garam_g_6 ë‚˜ ìŠ¤ìœ™ìŠ¤ ì¢‹ì•„ì¡Œì–´
726,@kkyu_h_ ì©”ì—ˆì–´ã…œì§„ì§œ
727,@k1ng_s_h ìŒ‰ê°„ì§€ ì´ê²ƒì´ í™í•©ì¸ê°€ ì‹¶ì—ˆë‹¤
728,ì¡´ë©‹
729,ì¡´ë‚˜ ë©‹ì‡ì–´
730,í˜• ë§ì´ ëŠ˜ì—ˆë„¤ìš”?
731,@wl8dnjs22 ì¡´ë‚˜ ì¢‹ì•„
732,ì œ 2ì˜ ì „ì„±ê¸°
733,ì•œã…‹ã…‹ã…‹ã…‹ã…‹ã…‹ã…‹ã…‹ã…‹ã…‹ã…‹ã…‹ã…‹
734,ìš°ìŠ¹í•˜ë©´ ë°”ë¡œ í•´ì•¼ì§€ ìŠ¤ìœ™ìŠ¤ ë¨¸ë¦¬
735,ì™œë“¤ê·¸ë¦¬ë‹¤ìš´ë˜ìˆì–´íŒ ì–´ë•Œìš”?
736,"ê¸€ì—ì„œë„ ëª©ì†Œë¦¬ê°€ ë“¤ë¦¬ë„¤ ..,,ã„·ã„·"
737,ëˆìƒˆë¡œì´...ğŸ–¤
738,ê·¸ê±´ ì¢€..ã…‹ã…‹
739,ë¯¸ìš©ì‹¤ ê°€ì„œ ìŠ¤ìœ™ìŠ¤ ë¨¸ë¦¬ í•´ì£¼ì„¸ìš” í•˜ë©´ ë˜ê² ë„¤ìš”
740,ëˆê¹Œì»·
741,ì•¼ìˆ˜ê°€ ëˆ„êµ°ë°.
742,"ê·¸ê±´ ì«Œ,,"
743,X....
744,ì €ë¶„ ë’·íƒœê°€ ë¸”ë™ë„›ì´ë„¤
745,ê¹€ìƒˆë¡œì´ë¨¸ë¦¬..
746,ì´ê±´ì¢€...
747,@_rlaald ë°”ë°” ìŠ¤ìœ™ìŠ¤ë¨¸ë¦¬ ë¨¼ê°€ ìˆë‹¤ë‹ˆê¹Œ
748,@gaaang9 ã…‹ã…‹ê°•êµ¬ì”¨ ìŠ¤ìœ™ìŠ¤ë¨¸ë¦¬ ë§ì ¸ ?
749,@won_vin
750,@yellrawkid_daily ìš°ë¦¬ ìŠ¤ì›½ìŠ¤ğŸ™‹ğŸ»â€â™€ï¸
751,@y_hhn.s
752,@jun.__.seoo ìŠ¤ìœ™ìŠ¤ë¨¸ë¦¬í•´ì¡°
753,@mushroom_siroom
754,@ryuddokkang_7 ìŠ¤ìœ™ìŠ¤ë”°ë¼í•œê±°ë„¤
755,@jonghaa_ ì˜¤ë¹  ìŠ¤ìœ™ìŠ¤ë¨¸ë¦¬ ì˜ì–´ìš¸ë ¤
756,@j__s._hh_04 ì €ê±° í•´ë°” ã…‹ã…‹
757,@chan9su ì•½ê°„ ë„ˆ ë¨¸ë¦¬ì•„ë‹ˆëƒ?
758,@hyojii.n
759,@bus_uj ì£¼ì„­ì´ ëª¨ë¦¬ ì•„ë‹Œêµ
760,@yuwlsxx ì•„ì˜¤...
761,@add9901 ì•¼ìˆ˜ì˜ ë¨¸ë¦¬ë¥¼ í• ê±°ì„
762,@100_sangari ìê¸°ì•¼ ìŠ¤ìœ™ìŠ¤ ë¨¸ë¦¬ ì˜¤ë•Œ ì¡´ë©‹ jon mut
763,@seokjin0606_s_j ìŠ¤ìœ™ìŠ¤ ë¨¸ë¦¬ í•˜ëŸ¬ê°“ë‹¤ ì˜¬ê²Œ
764,@eunjun._.kim í...
765,@neobeunaecityboy 'ë°•ìƒìš° ë¨¸ë¦¬'
766,@ojuyoung__986 ì•„ ê¸°ë¦¬ë³´ì´ë¨¸ë¦¬ ë§ê³  ìŠ¤ìœ™ìŠ¤ë¨¸ë¦¬ í• ê¹Œ
767,@_seeunis ã…‹ã…‹ã…‹ã…‹ã…‹ã…‹ã…‹ã…‹ã…‹ã…‹ã…‹
768,@paper.youn ì•¼ìˆ˜ said so..
769,@h._.j2n ì•¼ìˆ˜ ã…‹ã…‹ã…‹ã…‹ã…‹ã…‹ã…‹ã…‹ã…‹ã…‹ã…‹ã…‹ã…‹ã…‹ã…‹ã…‹ã…‹ã…‹ã…‹ë¯¸ì¹˜ê² ë„¤
770,ì§„ì§œ ì‹«ë‹¤..
771,ì˜ì–´ìš¸ë¦¬ëŠ”ê±°ê°™ì€ë° ì™œì˜ê²¬ì´ë§ì§€
772,ëˆê¹ŒìŠ¤ í•˜ë”ë‹ˆ ì„ ë„˜ëŠ”ê±° ê°™ìŠµë 
773,ì†”ì§íˆ ë‚œ ì˜ ì–´ìš¸ë¦¬ë˜ë°
774,ê°„ì§œì¥ê³±ë°°ê¸°ì»·
775,@yohan0621
776,ì•¼ã…‹ã…‹ã…‹ã…Œìˆ˜ã…‹ã…‹ã…‹ã…‹
777,ë¬¸ìŠ¤ìœ™ìŠ¤í•‘í¬ìŠ¤ë¨¸ë¦¬
778,"""ì•¼ìˆ˜ìœ™ìŠ¤"""
779,1
780,ìŠ¤ìœ™ìŠ¤ë¨¸ë¦¬ğŸ™ŒğŸ™Œ
781,ì•„ë¬´ë…¸ë˜ë‚˜ í•´
782,ê°„ì§œì¥ë¨¸ë¦¬
783,ì•„ê·¼ë° ì§„ì§œ ì˜ì–´ìš¸ë ¤
784,ëˆê°€ìŠ¤ ë¨¸ë¦¬ ì•„ë‹™ë‹ˆê¹Œ í˜•ë‹˜
785,ã…‡ã…‡
786,ìš°ë¦¬ ìŠ¤ìœ™ìŠ¤í˜• ê°œì¡¸ë©‹â£ï¸
787,ê°™ì€ ë¨¸ë¦¬ ë‹¤ë¥¸ ëŠë‚Œ..ğŸ¤”
788,ìŠ¤ë°•ìœ™ì„œìŠ¤ì¤€
789,ëˆìƒˆë¡œì´ã… ã… ã… 
790,Sexy
791,ë‚˜ì¤‘ì— ì €ë¨¸ë¦¬ë¡œ í•˜ê³ ì‹¶ë‹¤
792,ì¢‹ìŠµë‹ˆë‹¤ í–‰ë‹˜
793,í—¤ì–´ìŠ¤íƒ€ì¼ë„ 'ìŠ¤ìœ™ìŠ¤ ë¨¸ë¦¬' ì˜í–¥ë ¥ ëŒ€ë‹¨í•©ë‹ˆë‹¤.ğŸ‘
794,ì‘ì‘ ìŠ¤ìœ™ìŠ¤ê°€ ê·¸ë ‡ë‹¤ë©´ ê·¸ëŸ°ê±°ì§€ ã€°ï¸ã€°ï¸ã€°ï¸ã€°ï¸
795,ì•„ ì–¸íŒ”ë§ˆë µë„¤
796,ë§ˆì´í¬ì— ì¢€ ì„¸ê²Œ ë§ìœ¼ì‹ ë“¯
797,í˜• ì˜ìƒê²¼ì–´
798,ê¸ë° ì§„ì§œë£¨ ì˜ì–´ìš¸ë ¤ìš”ğŸ‘ğŸ‘
799,ìŠ¤ìœ™ìŠ¤ ì ¤ë£¨ ì˜ ì–´ìš¸ë£Œ ~!~!~!!!
800,@junyoung__gram ì•„ëì¥
801,@h_jin_ ì¼ê²½ì»·í• ë˜?
802,í˜•.....ê·¸.....ã…‡...ì•Œê² ì–´ìš”....
803,ëˆê°€ìŠ¤ ë¨¸ë¦¬
804,í™•ì‹¤íˆ ê²Œì„ ì²´ì¸ì €ë‹¤...
805,@2no.96 ì­...?
806,@s_nore_lax
807,ìˆ˜ì•¼ìˆ˜
808,@whduhx
809,ì €ê±° ì›ë˜ ë»˜ì»µ ë¨¸ë¦¬ ì•„ë‹ˆëƒê³  ã…‹ã…‹ã…‹ã…‹ã…‹ã…‹ã…‹ã…‹
810,í˜•ë‹˜ ì•¼ìˆ˜ë¨¸ë¦¬ëŠ” ì‡¼ë¯¸2ë•Œ í–‰ë‹˜ ì˜¬ë¦°ë¨¸ë¦¬ê°€ ì•¼ìˆ˜ë¨¸ë¦°ê²ƒê°™ìŠµë‹ˆë‹¤
811,@41jisu ë‚´ê°€ í•˜ë©´ ì–´ë–¨ê±°ê°™ì•„?
812,ìŠ¤ìœ™ìŠ¤ì–¼êµ´í˜•ì´ë‘ì˜ì–´ìš¸ë¦¬ëŠ”ê±°
813,"@keun.10 ë„ì „í•´ë´ìš”
ì‘ì›í• ê²Œìš”"
814,@donghyeon9795 ã„¹ã…‡ ìŠ¤ìœ™ìŠ¤ ë¨¸ë¦¬í•´ì£¼ë¼ ìê¸° ì˜ì–´ìš¸ë¦´ë“¯ ìŠ¤ìœ™ìŠ¤ ë¨¸ë¦¬ ë°”ê¾¸ê³  íšŒì¶˜í–ˆìœ¼ë‹ˆê¹¡
815,@honghwani ì´ê±°í•´
816,ì•„ ì´ê±° ë‚´ë¨¸ë¦¬ì˜€ëŠ”ë° @ansxogus1120 í¬ë¡­ì»· ê³ ë”©ë–„
817,ëˆê¹ŒìŠ¤ì•¼ ì‚´ ë‹¤ì‹œ ì•ˆì°Œìš°ë©´ í‚¤ìŠ¤ë°•ëŠ”ë‹¤
818,ã…‹ ã…‹ ã…‹ã…‹ã…‹ã…‹ã…‹
819,@tkdtlr97 ê¾¸ì—¥
820,ìŠ¤ë¡ìœ„ë§ˆ
821,@dxxe_05.3 ã…‹ã…‹ã…‹ã…‹ã…‹ã…‹ì¡¸ë˜ì›ƒê²¨
822,"""ëˆê¹ŒìŠ¤ ë¨¸ë¦¬ í•´ì£¼ì„¸ìš”"""
823,ìŠ¤ìœ™ìŠ¤ë¨¸ë¦¬ì¸ì „
824,ã…‹ã…‹ã…‹ã…‹ì•„
825,sssssssexy
826,ìì‹ ì´ ì˜ìƒê¸´ê±´ ëª¨ë¥´ê³  ì•¼ìˆ˜ì¸ê±´ ì˜ì•„ëŠ” ë‚¨ì..
827,ì•„ìš°!!!! ëŒ€ì‹  ë‚˜ëŠ”!!!! í•˜ë‹¤ê°€ ë¶ˆêµ¬ë©ì´ê°€ëŠ”ê±°ì•„ë‹ˆì•¼?
828,@jh_960924 ìœ™ìŠ¤ì»·.....X
829,ì•¼ ìˆ˜ìœ™ìŠ¤
830,ìŠ¤ìœ™ìŠ¤ì»½
831,ã…... ã…...ìŠ¤ìœ™ì¹© ë¨¹ê³  ì‹¶ë‹¹
832,ì¡°ê¹ŒìŠˆ ã…‹ã…‹
833,ìœ™ìŠ¤ì»·
834,@juunvv ã…‹ã…‹ã…‹ã…‹ã…‹ë‹ˆë¨¸ë¦¬ì•„ë‹ˆê°€ í˜ì¤€ì•„
835,ë¬¸ì•¼ìˆ˜ ğŸ’–
836,@wtr__96 ìŠ¤ìœ™ìŠ¤ë¨¸ë¦¬
837,ìœ™ì»·...ã„·ã„·
838,ì›Œí—ˆ...ì´ê±°ì‹œ íŒŒê¸‰íš¨ê½ˆ....ğŸ¤¦ğŸ»â€â™‚ï¸
839,haâ€†haâ€†haâ€†hå“ˆå“ˆå“ˆå“ˆ
840,@mhhh__21 ì´ë²ˆí•´í›ˆë•Œ ì´ë¨¸ë¦¬ë¡œ í•´ì™€
841,@nammumm ë„ˆ ë¨¸ë¦¬
842,@_07_29__ ã…‹ã…‹ã…‹ã…‹ã…‹ã…‹ã…‹ã…‹ã…‹ã…‹ã…‹ã…‹ã…‹
843,"í˜•ë‹˜,, ì œ ë””ì— ì€ ì™œ ë‹µì¥ì•ˆí•´ì¤˜ìš”"
844,@seh2e._
845,ë¼ê³  ëˆê¹ŒìŠ¤ê°€ ë‚´ ê·€ì— ì¡°ìš©íˆ ì†ì‚­ì˜€ë‹¤.
846,@gyurrr ë¯¼ì„±ì´ê°€ ë§¨ë‚  ì´ë ‡ê²Œ ë¨¸ë¦¬ ìë¥´ëŠ”ë°
847,ì•¼ìˆ˜ìœ™ìŠ¤
848,@_baaaakaaaa_
849,@goni_0915 ìŠ¤ìœ™ìŠ¤ë¨¸ë¦¬
850,@dhqudgks99 ë³‘í•œ ìŠ¤ìœ™ìŠ¤ë¨¸ë¦¬í•´~
851,ë¯¸ìš©ì‹¤ê°€ì„œ ëˆê¹ŒìŠ¤ í•˜ë‚˜ ì£¼ì„¸ìš” í•˜ë©´ ë˜ëŠ”ê±°ì£ ?
852,@hro.k ?
853,ğŸ¤™ğŸ¤™
854,@gy_su
855,ìŠ¤ìœ™ìŠ¤ ì œì¼ ë©‹ìˆëŠ” ì‚¬ëŒâ¤ï¸
856,@srgghg424 ã…‹ã…‹ã…‹ã…‹ã…‹
857,í˜•ë‹˜.. ì‚¬ì±„ë¹šì—ì„œ ë²—ì–´ë‚ ìˆ˜ìˆê²Œ ë„ì™€ì£¼ì„¸ìš”
858,@__xaxeong ?;;
859,ìœ™ìŠ¤í˜• í˜ì„ì¤˜
860,@wy_bh ë‚˜ ì´ë•Œê¹Œì§€ ìŠ¤ìœ™ìŠ¤ë¨¸ë¦¬..
861,ì•„ë¬´ ë§ ì•ˆí• ê²Œì—¬ ã…
862,@_soyonara ìŠ¤ìœ™ìŠ¤ ë¨¸ë¦¬ í•´ ?
863,@lz._.o9 BAMNMMMMM
864,ğŸ˜‚ğŸ˜‚ğŸ˜‚
865,@rey_s_an ë„ˆê°€ë¨¼ì €í–‡ìŒ!!!
866,ëˆìƒˆë¡œì´ ã…‹ã…‹ã…‹ã…‹ã…‹ã…‹ã…‹ã…‹ ìŠ¤ìœ™ìŠ¤ ë¨¸ë¦¬ë„ ìˆì§€ë§Œ ìŠ¤ìœ™ìŠ¤ ë§ˆìŠ¤ì¹´ë¼ë„ ìˆì¥~â¤ï¸ ì•„ì£¼ í˜ì‹ ì˜ ì•„ì´ì½˜ì´ë„¤ ì˜¤ë¹ ~
867,ì´ìƒí•˜ê²Œ ìê¾¸ ì¢‹ì•„ì§€ë„¤ ìœ™ìŠ¤
868,ìŒã…‹ã…‹ã…‹ã…‹ã…‹ã…‹ã…‹ã…‹ã…‹ã…‹ã…‹ã…‹
869,ì¥°ë‚˜ ê·€ì—½ë„¼ã…‹ã…‹ã…‹ã…‹ã…‹ã…‹
870,@qhrhtlvek_4 ì—­ì‹œ ì¡´ì˜ ã„· ã„·
871,@hr_1024_929 ì§œë¥´ëŸ¬ê°€ì ã…ã…
872,@jinhee.v ì–´í¥ã€°ï¸!
873,ë°•ìƒˆë¡œì´ ë¨¸ë¦¬ì— ì´ì€ #ìŠ¤ìœ™ìŠ¤_ë¨¸ë¦¬
874,@think._.jun
875,ë»˜ì»µë¨¸ë¦¬
876,ì•„ì´ì— ì œì´ì— ìœ„ë”í”ŒëŸ­ë¨¸ë¦¬
877,@___dcaka___ ã…‹ã…‹ã…‹ã…‹ã…‹
878,ìŠ¤ìœ™ìŠ¤ì»·
879,ì´ê±´ ì–µì§€ì˜ˆìš” í˜• ã… 
880,@suming0707 @vit_vely_ @yuuuubin_ee @genius__1 ã…‹ã…‹ã…‹ã…‹ã…‹ã…‹ã…‹ã…‹ã…‹ã…‹ã…‹ã…‹ã…‹ã…‹
881,â¤ï¸
882,@mang_so_2 ë„ˆ ì•„ë‹ˆëƒ
883,@__1b.k_ ã…‹ã…‹ã…‹ã…‹ã…‹ã…‹ã…‹ã…‹ã…‹ã…‹ã…‹ã…‹ã…‹ã…‹ã…‹ã…‹ã…‹ã…‹ã…‹ã…‹ã…‹ã…‹ã…‹ã…‹ã…‹ã…‹ã…‹ã…‹ã…‹ã…‹ã…‹ã…‹ã…‹ã…‹ã…‹ã…‹ã…‹ã…‹ã…‹ã…‹ã…‹ã…‹ã…‹ã…‹ã…‹ã…‹ã…‹ã…‹ã…‹ã…‹ã…‹ã…‹ ì•¼ìˆ˜ ã…‹ã…‹ã…Œã…‹ã…‹ã…Œã…‹ã…‹ã…‹ã…‹ã…‹ã…‹ã…‹ã…‹ã…‹
884,@hiimysb ì´ê±° ë‚´ë¨¸ë¦¬ì¸ë°..ì´ì œ 'ìŠ¤ìœ™ìŠ¤ ë¨¸ë¦¬'ì•¼ í˜¸ì˜¬ë¦ ëª°ë¦
885,@si_hyun__j ã…‹ã…‹ã…‹ìê¸°ì´ë¨¸ë¦¬
886,"In Vietnam, we call this hairstyle is â€œdau cat moiâ€"
887,í›„
888,@_xnniix ì•¼ìˆ°ã…‹ã…‹ã…‹ã…‹ã…‹...
889,ê·¸ëŸ¼ ë¯¸ìš©ì‹¤ì—ì„œ â€œëˆê¹ŒìŠ¤ ì£¼ì„¸ìš”â€ í•˜ë©´ ë˜ìš” ?
890,'ì•„ë¬´ë§í•˜ì§€ë§ˆ'ì½ìë§ˆì ìŠ¤ìœ™ìŠ¤ ì‰¿ í•˜ëŠ”ì§¤ ìƒê°ë‚¨
891,ìŠ¤ìœ™ìŠ¤ë‹˜ í—¤ì–´ë³´ê³  ìš¸ì•„ë“¤ë¨ë„ ìŠ¤ìœ™ìŠ¤ê°€ì¦ˆì•„ ğŸ‘ğŸ‘ğŸ‘ğŸ‘ğŸ‘ğŸ‘ğŸ‘ğŸ‘ğŸ‘ğŸ‘ğŸ‘ğŸ‘ğŸ‘
892,@1004jin0
893,ğŸ‘
894,@da__men
895,Eye-
896,@seonhong4706 ì–´ë•¡
897,@03_pjy ë¹µ í„°ì§
898,@kangtaelx ìŠ¤ìœ™ìŠ¤ë¨¸ë¦¬í• ê¹Œ
899,ìŒì„±ì§€ì› ì–´ë–»ê²Œ í•˜ì‹ ê±´ê°€ìš”?? ì§ì ‘ ë…¹ìŒë³¸ ë°›ì•„ì˜¤ì‹ ê±´ê°€?
900,@by._.o0 ì´ê±° í•´ë°”
901,@yoon__jae_95 @jaedo_95 ì¬ë‘ ë¨¸ë¦¬ st
902,@zoo__logist ìŠ¤ìœ™ìŠ¤ë¨¸ë¦¬ í•´ë³´ì‹¤?
903,@jjeong_414 ì•¼ìˆ˜ê°€ ê·¸ë ‡ê²Œ ë§í–ˆìœ¼ë‹ˆê¹Œ.. ì•Œê² ì–´?âœŠ
904,@l.cks_w_
905,ì•„ ì´ê±´ ë¨¸ë¦¬ ì…ì¥ë„ ë“¤ì–´ë´ì•¼ ë ê²ƒê°™ì€ë°
906,@hyojin0801
907,@slk__6t ì´ê±° ê·¸ëƒ¥ ì›ë˜ ì˜¤ë¹  ë¨¸ë¦¬ ì•„ë‹ˆì•¼?
908,@sjimin_0908 ì•¼ìˆ˜...â™¥ï¸
909,í˜• ì €ê±° ì›ì¡° ë‚´ ë¨¸ë¦¬ì¸ë° ?
910,ë»˜ì»µ ë¨¸ë¦¬
911,@angunshot ë‚´ë¨¸ë¦¬ ì•„ë‹ˆëƒ?
912,@dior__panty its you?
913,@hyangjioh ì–´ë–°
914,@haeju9133 í•´ì£¼ ì˜ì–´ìš¸ë¦´ ê²ƒ ê°™ì€ë…
915,@chiritori_ ë‚¨ìì¹œêµ¬ ë§ì§€ ì´ë¶„??
916,ë„· í˜•ë‹˜!
917,swings if you want to lose weight baby make sure you stop eating chicken breast ğŸ˜¤ğŸ˜­
918,@iam._.groooot_
919,ğŸ‘€ğŸ‘€ğŸ‘€ğŸ‘€ oque aconteceu?
920,ëª…ì ˆë‚ ì˜ ì¹œì²©ì»·..ğŸ˜
921,@dhclgh ëˆê¹Œë¡œì´ì»· ë‚˜ë„ í•´ë³¼ê¹Œ
922,@nayeon_k00 @ye_1_cho ã…‡ã…‹?
923,@saem_vely ë‚´ëª¨ë¦¬ ã…‹
924,ì•„ ê°œì›ƒê¸°ë„¤ ã…‹ã…‹ã…‹ã…‹ã…‹ã…‹ã…‹ã…‹ @sxtxaxrx_h.h
925,â¤ï¸â¤ï¸â¤ï¸â¤ï¸ğŸ˜‚ğŸ˜‚ğŸ˜‚
926,@badkittym1n
927,@hamtol_e
928,ã…‹ã…‹ã…‹ã…‹ã…‹ã…‹ ë¯¸ì³ ã…‹ã…‹
929,@a_hxxni ë‚˜ ìŠ¤ìœ™ìŠ¤ ë¨¸ë¦¬í• ê¹Œ?ã…‹ã…‹ã…‹ã…‹ã…‹ã…‹ã…‹
930,ì˜¤ë¹ ê°€ í•œê²Œ ì ¤ ë©‹ì§â¤ï¸
931,ë¯¸ìš©ì‹¤ê°€ì„œ ìŠ¤ìœ™ìŠ¤ë¨¸ë¦¬ í•´ë‹¬ë¼ê³  í–ˆë”ë‹ˆ ë¹¡ë¹¡ì´ ë  ë²ˆ í–ˆì–´ìš”...
932,@hogil97
933,@shoesisnike
934,@_h99n ì¥ì§€í›ˆë¨¸ë¦¬ ì•„ë‹˜?
935,@minchichi_ ìŠ¤ìœ™ìŠ¤ë¨¸ë¦¬ì—¿ì–´
936,@ooooosjj ì†¡ìƒˆë¡œì´ ì˜ì–´ìš¸ë¦´ê±°ê°™ì• 
937,@wyhxye @this_life_one @jeongjae.ha ê²½íƒœìŒ¤ ì•„ë‹ˆëƒ
938,ì‹ ì´Œí˜„ë°± íŒì—…ë§¤ì¥ì— ê³„ì† ê³„ì‹œë‚˜ìš”? ì–¸ì œê°€ë©´ ëµìˆ˜ìˆë‚˜ìš”????
939,@seonvely_ ì•¼ìˆ˜ê°€ ì •í•œë¨¸ë¦¬
940,íŒ¬ì´ì—ìš”ğŸ™ğŸ™ğŸ™ğŸ™
941,@yeonee.a ê·¼ë° ë‚˜ ì´ë¨¸ë¦¬ ì¢‹ì•„í•¨
942,@xoringring
943,@a_c1116
944,ã…‹ã…‹ã…‹ã…‹ã…‹
945,@miher_97
946,@tkdghek_5 í•´ì¤˜
947,ã…‡ã„±ã……
948,@100_jinu ìœ™ìŠ¤ì»· í•´ë°”ë°”
949,â¤ï¸â¤ï¸â¤ï¸â¤ï¸â¤ï¸â¤ï¸â¤ï¸â¤ï¸riajì—­ì‹œí˜•ì€ê³„íšì´ìˆêµ¬ë§Œ
950,@727mm_ @190_0min ì•„ ê°œì›ƒê¸´ë° ì™œë“¤ê·¸ë¦¬ë‹¤ìš´ë˜ìˆì–´íŒ ì–´ë– ë…´ã…‹ã…‹ã…‹ã…‹ã…‹ã…‹ã…‹ã…‹ã…‹ã…‹ã…‹ã…‹ã…‹ã…‹ã…‹ã…‹ã…‹
951,ë³¸ë°©ì‹œì²­í•˜ê³ ì˜´. ë©‹ìˆì–´ìš”!
952,í˜ë‚´ìš” ìŠ¤ìœ™ìŠ¤!!!!!!!
953,ì™€ ì§„ì§œ ã…ˆã„´ ì˜í•œë‹¤ ë¯¸ì³¤ë‹¤
954,í˜• ì‡¼ë¯¸ë³´ê³ ìˆëŠ”ë° ë©‹ì§€ê³  ë¦¬ìŠ¤í™ í•©ë‹ˆë 
955,ã…‹ã…‹ã…‹ë©‹ì ¸ìš©
956,2ì°¨ ì¥ë‚œì•„ë‹ˆë‹¤
957,ìœ™ìŠ¤ì˜¤ë¹  ì™œì´ë¦¬ ë©‹ì§€ì‹¬?ğŸ˜­
958,ì˜¤ëŠ˜ì°ë©‹ğŸ‘
959,ì‡¼ë¯¸ ë³¸ë°© ì‚¬ìˆ˜ì¤‘ì¸ë° ì™€.. ì§„ì§œ ê·¸ëƒ¥.. ì™˜ã…‹ã…‹ ìŠ¤ìœ™ìŠ¤ ìµœê³ ......
960,ì˜¤ë¹ ì§„ì§œê°œì§±ë©‹ìˆì–´ìš” ìš°ì£¼ì—ì„œ ì ¤ë©‹ìˆì–´ìš” ë‚œì´ë ‡ê²Œ ì°¢ì–´ë†“ì„ì¤„ì•Œì•˜ë ê·œã…œã…œ ë‚´ëˆˆë¬¼ìƒ˜ê¹Œì§€ ì°¢ì–´ë†“ë‹¤ëŠ¬ ë‹¹ì‹ ì€ì •ë§ìµœê³ ì—ì—¬ğŸ‘ğŸ‘ğŸ‘ğŸ‘ğŸ˜
961,ğŸ‘ğŸ‘ğŸ‘ğŸ‘ğŸ‘ğŸ‘ğŸ‘
962,ì§€ê¸ˆ ì‡¼ë¯¸ë³´ëŠ”ì¤‘ í˜• ê°œë©‹ìˆë‹¤ ì§„ì‹¬ìœ¼ë¡œ
963,@yj_0803 @m1nns2 @_hotsso ê°œì›ƒê¸°ë„¤ ã…‹ã…‹ã…‹ã…‹ã…‹ã…‹ã…‹
964,ìœ™ìŠ¤ê²Œì´ì•¼..ë­í•˜ë…¸
965,ìŠ¤ìœ™ìŠ¤ê°€ ì‡¼ë¯¸ ë‚˜ì˜¨ê±° ë¶€í„° ì™„ì „ í™í•˜ë‹¹ ì¦ëª…í–ˆìŒ
966,ë‹¹ì‹ ì˜ ë„ì „ì„ ì§„ì‹¬ìœ¼ë¡œ ì‘ì›í•©ë‹ˆë‹¤!!
967,ğŸ”¥ğŸ”¥ğŸ”¥ğŸ”¥ğŸ”¥ğŸ”¥ğŸ”¥
968,ì‡¼ë¯¸ë” ë¨¸ë‹ˆ ì˜ë³´ê³ ìˆì–´ìš” ë„ˆë¬´ë©‹ìˆì–´ìš”â¤ï¸
969,ë§ˆì§€ë§‰ì— ê°œì†Œë¦„ ì§„ì§œ ë©‹ìˆì–´ìš”!ğŸ‘ğŸ» ë©‹ìˆëŠ” ì‚¬ëŒ
970,í˜• ì§€ê¸ˆ ìµœê³ ì˜ˆìš” ğŸ‘
971,ì•„ ì§„ì§œ ë„ˆë¬´ ë©‹ìˆì–´ ìš¸ì§€ë§ˆ ìŠ¤ìœ™ìŠ¤
972,í˜•ë¬´ëŒ€ ìŒ‰ì˜¤ì ¸ ì§„ì§œ ğŸ”¥ğŸ”¥
973,í˜• ë„ˆë¬´ ë©‹ìˆì–´ìš” ì¡´ê²½ìŠ¤ëŸ¬ì›Œìš”
974,Swings you jonna mutju ì§±
975,í˜• ì§„ì§œ ê°ë™í–ˆì–´ìš”
976,ğŸ’•ğŸ’•
977,ğŸ‘ğŸ»ğŸ‘ğŸ»ğŸ‘ğŸ»ğŸ‘ğŸ»ğŸ‘ğŸ»ğŸ‘ğŸ»ìµœê³ 
978,ì‡¼ë¯¸ë³´ë©°.ìµœê³ ë¼ìƒê°í•©ë‹ˆë‹¤.ë©‹ì§„ì‚¬ëŒ
979,ì¡´ë‚˜ ìƒë‚¨ì ê°™ì€ ì—°ì‹ ë‚´ ì¶œì‹ ìœ¼ë¡œ ìë‘ìŠ¤ëŸ½ë‹¤
980,ì‡¼ë¯¸9 ìŠ¤ìœ™ìŠ¤2ì°¨ ë„ˆë¬´ì¢‹ì•˜ì–´ìš”ğŸ˜¢ğŸ˜¢ğŸ‘ğŸ‘ğŸ‘ğŸ‘ğŸ‘
981,ì‡¼ë¯¸ë³´ê³ ì™”ì–´ìš” ë˜ê²Œ ê°•í•œ ì‚¬ëŒì´ë¼ ìƒê°í•˜ëŠ”ë° ìš°ëŠ”ê±°ë³´ê³  ê´œíˆ ë§ˆìŒì´ ì°¡í•˜ë”ë¼êµ¬ìš”. ë©ë„ ì§„ì§œ ë„ˆë¬´ë©‹ìˆì—ˆê³  ì‚¬ì¥ìœ¼ë¡œì„œë„ ë˜í¼ë¡œì„œë„ ì‚¬ëŒìœ¼ë¡œì„œë„ ì •ë§ ë©‹ì§„ ì‚¬ëŒì¸ ê²ƒ ê°™ì•„ìš”
982,ëŒ“ê¸€ ë‹¬ì•„ë„ ì•ˆì½ìœ¼ì‹¤ê±°ë¼ëŠ” ì•„ë“¤ì´ ì–˜ê¸° í•˜ì§€ë§Œ ~ ì‡¼ë¯¸ ë³´ê³  ìŠ¤ìœ™ìŠ¤ë‹˜ íŒ¬ì´ ë©ë‹ˆë‹¤ ì •ìƒì˜ ìë¦¬ì— ê³„ì‹ ë° ë„ì „í•˜ëŠ” ëª¨ìŠµ ì •ë§ ë©‹ì§€ì„¸ìš” ì–¸ì œë‚˜ ê¸°ë„í•˜ê² ìŠµë‹ˆë‹¤ ìƒì²˜ë°›ì§€ ì•Šê¸°ë¥¼ ì–¸ì œë‚˜ ìŠ¤ìœ™ìŠ¤ ë‹µê²Œ ì‚´ì•„ê°ˆ ìˆ˜ ìˆê¸¸
983,í˜•ë‹˜ ë‹¤ì‹œë´¤ìŠµë‹ˆë‹¤ ë¬¸ìŠ¤ìœ™ìŠ¤ğŸ”¥
984,@minddong__e ìŠ¤ìœ™ìŠ¤ë¨¸ë¦¬ í•´ ì•Œê³ ë³´ë‹ˆê¹ ì´ ë¨¸ë¦¬ ê·€ì—¬ìš´ ë¨¸ë¦¬ì˜€ë„¤
985,ìš¸ì§€ë§ˆìš” í˜•
986,í˜• 2ì°¨ ì˜ˆì„  ê± ë¶€ì…”ë²„ë ¤ë…¸ë©´ ì–´ë–¡í•´
987,í˜•ë‹˜ì€ ì ˆëŒ€ë¡œ í‡´ë¬¼ ë ˆí¼ê°€ ì•„ë‹™ë‹ˆë‹¤! ìš°ë¦¬ë‚˜ë¼ ìµœê³  No.1 ë˜í¼ ì´ì‹­ë‹ˆë‹¤!!ğŸ‘ğŸ‘
988,ì§„ì§œ ì‚¬ë‘í•´ìš” íŒ¬ë¨
989,42ì‚´ ì•„ì¤Œë§ˆë„ ìŠ¤ìœ™ìŠ¤ ì‘ì›í•©ë‹ˆë‹¤
990,@luv_my_summer ì•„ë¬´ ë§ í•˜ì§€ë§ˆ
991,",ê°œë©‹ìˆì–´ìš”"
992,ã…‡ã…ˆ
993,ë¹ˆì§€ë…¸ë„ ì € ë¨¸ë¦¬ í–ˆë˜ê±°ê°™ì€ë°
994,ì™€ ë„ˆë¬´ì¢‹ì•„ìš” ë³¸ë°©ì±™ê²¨ì„œ ë³´ëŠ”ë°..ì™€ ìŠ¤ìœ™ìŠ¤â¤ï¸
995,ã… ã…œã… ã…œã… ë‚˜ë„ ì›€..ì–¸ì œë‚˜ í™”ì´íŒ… ë©‹ìˆë‹¤ì •ë§
996,ê°€ì¥ì¢‹ì•„í•˜ëŠ”ë˜í¼â™¥
997,ë©‹ì§„í˜•
998,@b._.bom2 ã…ã… ì•„..
999,ì •ê°ˆ
1000,í˜• ì¡´ê²½í•©ë‹ˆë‹¤ğŸ‘ğŸ»
1001,ì†”ì§íˆ ë©‹ìˆë‹¤ íŒ¬ì€ ì•„ë‹ˆì—¬ë„ ì‘ì›í•˜ê² ìœ¼~
1002,êº…><!!ë¬´ìŠ¨ ë¨¸ë¦¬ë¥¼ í•´ë„ ë‹¤ ì˜ì–´ìš¸ë ¤ğŸ’•ğŸ’•
1003,ğŸ”¥ğŸ”¥ğŸ”¥ğŸ”¥ğŸ”¥ ìŠ¤ìœ™ìŠ¤ 2ì°¨ ë³´ê³ ë‚˜ì„œ ë‹¤ë¥¸ ê±´ ìŠì–´ë²„ë¦¼
1004,ì´ê²Œ ë©ì´ì§€ ..ì´ê²Œ ë©ì´ê³  ì´ê²Œ ë˜í¼ì§€... ì¼ë‹¨ ë‹¤ë¥´ìë‚˜! ì–¸ì œë¶€í„° ì´ì •ë„ ìˆ˜ì¤€ì˜ ë©ì´ í‡´ë¬¼ì´ ë˜ì—ˆëŠ”ì§€ ã… ã… 
1005,@iloverachel1004 ìŠ¤ìœ™ìŠ¤ ë¨¸ë¦¬ í•´ì¤˜
1006,ã…‹ã…‹ã…‹ã…‹ã…‹
1007,ì˜¤ëŠ˜ ë¯¸ì³¤ë‹¤ ìŠ¤ìœ™ìŠ¤í˜• ì œëŒ€ë¡œ ë³´ì—¬ì¤¬ì–´ìš”ğŸ™ğŸ™ğŸ™
1008,ì˜¤ëŠ˜ ì§±ì´ì˜€ìŠµë‹ˆë‹¤ã„·ã„·
1009,ë” ìš•í•´ì„œ ìœ™ìŠ¤í˜• ì‡¼ë¯¸10 ë„ìš°ì í•˜
1010,100ë°° ë” ì˜ ì–´ìš¸ë ¤ìš”!
1011,@g_gyoot_98 ë‚˜ëŠ” ì´ í˜• ì§„ì§œ ëª» ë§ë ¤ ã…‹ã…‹
1012,@leeminotauros ì´ê±°í•´ë°”ë°”
1013,ìŠ¤ë¡œì´??ğŸ˜
1014,@o3o_9 ë‚˜ì´ë¨¸ë¦¬ ì¢‹ì•„í•˜ì€ë°..
1015,@2ooo_sh ìš°ë¦° ì „ì—­í•˜ë©´ ë”± ì´ ë¨¸ë¦¬ ë‚˜ì˜¬ìˆ˜ë°–ì— ì—†ëŠ”ë°..
1016,@97baam ì•„ ì§„ì‹¬ã…‹ã…‹ã…‹ã…‹ã…‹ã…‹
1017,@hoedonryu ì˜¤ëŠ˜ í˜¹ì‹œ ìŠ¤ìœ™ìŠ¤ë¨¸ë¦¬?
1018,@1777mmm_
1019,@kec0kec0rip ì§„ì§œ ì‹«ë‹¤ ë§íˆ¬
1020,@hyun_1387 ì´ê±° ã„±í•´ë´
1021,ë¨¸ë¦¬ ã…ˆã„´ì˜ì–´ìš¸ë¦¬ë˜ë° ì‹œë°œ
1022,@lotuscorolle ë»˜ì»µë¨¸ë¦¬ê°™ì–´
1023,@hjung_g
1024,@2_j._.u ë‚˜ ì´ë¨¸ë¦¬ í• ê¹Œ
1025,@taehoisback í˜¸ë‘¥ì´ê°€ ì‹œì´ˆì•„ë‹ˆëƒ!
1026,@wo.oyu_ ì—¬ë³´ ì˜ì–´ìš¸ë¦´ê³ ê°™ì•„
1027,ã…‹ã…‹ã…‹ã…‹
1028,@moon.g.w98 ìƒê³  ì•„ì¸êµ..
1029,@_ohgodshesraeee ã…‹ã…‹ã…‹ã…‹ã…‹ã…‹ã…‹ã…‹ã…‹ã…‹
1030,ã…‹ã…‹ã…‹ã…‹ã…‹ã…‹ìŠ¤ìœ™ìŠ¤ë¨¸ë¦¬ ê·€ì—¬ìš´ë° ë‚œ
1031,@0do_mimo ìš°ì™€ ê·¼ë° ì €ê±° ì§„ì§œ ì˜ì–´ìš¸ë ¤
1032,@__yong.hyeon
1033,ëˆê¹ŒìŠ¤ì»·
1034,@bbb_h1203
1035,@ji_ik_1020 ì˜ì§ì´ë„ ì•¼ìˆ˜ì˜ ë§ì„ ë”°ë¼
1036,@sori_beenfroy ì „ì—­í•˜ë©´ ì¼ë‹¨ ì´ë¨¸ë¦¬
1037,@miniv.v ë‚´ë¨¸ë¦¬ ìŠ¤ìœ™ìŠ¤ë¨¸ë¦¬ ëì–´ ê°‘ìê¸°..
1038,@daramgi_jmt ì•Œì•˜ëƒê³ 
1039,@miyeonis_s2 ì•¼ìˆ˜ê°€ ë§í•œê±°ì•¼
1040,@92_hwan_ ã…‹ã…‹ã…‹ã…‹ ê°‘ìê¸° ìƒê°ë‚˜ë„¤ ì´ë¨¸ë¦¬ !!
1041,ì‡¼ ë¯¸ë” ë¨¸ë¦¬
1042,@hoyeon_67
1043,@sw_seung11 @uno_k23 ì´ê±°ë§ì•„?? ìŠ¹ì›êµ°...?
1044,@s2__jiya ë‚˜ë‘ ë‹¤ë¥´ì§€??...
1045,@__je0ng.in__ ìê¸°ë„ ì´ê³ í•´ë°” ã…‹
1046,hahağŸ˜­
1047,@standaeun ë‚˜ì´ë¨¸ë¦¬í•˜ê¹Œì•„ì•„ì•„
1048,@j.s_497 ìŠ¤ìœ™ìŠ¤ë¨¸ë¦¬í•˜ëŸ¬ê°„ë‹¤
1049,êµ¿
1050,@layun_hwa ìŠ¤ìœ™ìŠ¤ë¨¸ë¦¬í•´ì£¼ì„¸ìš”~
1051,@hansoljin ì´ë²ˆì—” ìŠ¤ìœ™ìŠ¤ë¨¸ë¦¬ ã„± ã„±
1052,@one_ha.na ë‚˜ ìŠ¤ìœ™ìŠ¤ì»· í• ê±°ì•¼
1053,@kangyeomin ì´ë¨¸ë¦¬ì˜€ì§€
1054,@k_m.joon_26
1055,@yuncangbeom6045 ë‚¼ê°€ì„œ ìŠ¤ìœ™ìŠ¤ ë¨¸ë¦¬ í•˜ì£¼ì„¸ì—¬ í•˜ì
1056,@taetaetaekk ì°¨ë¼ë¦¬ ìŠ¤ìœ™ìŠ¤ë¨¸ë¦¬í•´ .. ë¹„ì™€ì´ë¨¸ë¦¬í•œë‹¤ê³  í•˜ì§€ë§ê³ 
1057,@xum_nii ì´ ë¨¸ë¦¬ ì˜¤ë•Œ
1058,@wns2baek
1059,@aggiessi_
1060,@geunan23
1061,@___92.k ì•„ë‹ˆ ì´ê±° ã…‹ã…‹ã…‹ã…‹ã…‹ã…‹ã…‹ã…‹ã…‹ ë¬´ìŠ¨ ì‚¬ì´íŠ¸ì—ì„œ ì˜¬ë¦°ì¤„ ì•Œì•„ì¨
1062,@ss_soyeon_ ê°œì›ƒã…‹ã…‹ã…‹ã…‹
1063,@june.seon ì´ê±° ë§í•œ ê±°ì„ã…ã…
1064,is that Owen
1065,@p___stone
1066,@life_jl.s2 ì•¼ìˆ˜ì˜ ìì¡´ì‹¬ì„ ê±´ë“¤ì§€ë§ˆë¼
1067,@s.guno98
1068,@5.20____ ë„¤ ì˜¤ë¹ ğŸ–¤
1069,ì¢‹ë‹¤
1070,@oy22un ì˜ˆì€ì•„ ìˆ  ê·¸ë§Œ ë§ˆì…”ë¼ê³  ë§í•´ì£¼ì„¸ìš”
1071,@cottxxom ì´ ë¨¸ë¦¬ê°€ ì‹ ì˜ í•œ ìˆ˜
1072,@eesu.7
1073,ì§€ë ¸ë‹¤ì˜¤ëŠ˜ ğŸ”¥ğŸ”¥ğŸ”¥
1074,ğŸ‘
1075,ì¡´ê²½í•©ë‹ˆë‹¤ ìŠ¤ë§¨~~~
1076,ë³¸ë°© ë³´ëŠ”ë° ì¡´ë‚˜ ë©‹ìˆì–´ìš”
1077,í‘¸í•˜í•˜í•˜í•˜í•˜ğŸ¤£
1078,ë¸”ë™ë„›ì´ë„¤
1079,ì•„ ì¡´ë‚˜ ê·€ì—¬ì›Œ ì•„ì•™ ë‚˜ë„ ìŠ¤ìœ™ìŠ¤ ë¨¸ë¦¬ í• ê±°ì•¼ ì´ì´ì‰ì‰ ê·€ì—¬ì›Œ ì´ì´ì‰
1080,@leetaehwa__ ì˜ì–´ìš¸ë¦´ê±°ê°™ì€ë”” ã…
1081,ì•„ ã…‹ã…‹ ã…‹ã…‹ ã…‹ ã…‹ã…‹ã…‹ã…‹ ã…‹ã…‹ã…‹ ã…‹ ã…‹ã…‹ã…‹ã…‹ã…‹ã…‹
1082,"ì´ê¸€ ì œëª©ì´ ""ì–´í¥"" ì¸ê°€ìš”? ì–´í¥ì–´í¥ ê±°ë¦¬ëŠ” ê²ƒ ë°–ì— ì•ˆë³´ì—¬ì„œ..ã…"
1083,ì˜ì–´ìš¸ë¦¼ã…‹ã…‹ã…‹
1084,ã…‹ã…‹
1085,..?
1086,ëˆê¹ŒìŠ¤ í—¤ì–´
1087,ì•„ë¬´ë§~.~
1088,ë‚´ ë¡¤ëª¨ë¸ì´ ì•¼ìˆ˜ì˜€ë‹¤ë‹ˆ â¤ï¸
1089,@moresh_it zã…‹ã…‹ã…‹ã…‹ã…‹ã…‹ã…‹ã…‹ã…‹ã…‹ã…‹ã…‹ã…‹ã…‹ã…‹ã…‹ã…‹ã…‹ã…‹ã…‹ã…‹ã…‹ã…‹ã…‹ã…‹ã…‹ã…‹ã…‹ -ì•¼ìˆ˜-
1090,ğŸ˜­ğŸ˜­ğŸ˜­ğŸ˜­
1091,ì•„ë‹ˆ í˜• ê·¸ë˜ì„œ ì‡¼ë¯¸ ë³¸ì„ ì§„ì¶œì´ì•¼ ì•„ë‹ˆì•¼?? ë””ì— ìœ¼ë¡œ ì¢€ ì•Œë ¤ì¤˜
1092,@good_ini_b í•˜... ìœ™ìŠ¤í˜•ë„ í•˜ëŠ”ë°...
1093,ã…‹ã…‹ã…‹ã…‹ã…‹ã…‹ã…‹ã…‹ã…‹ã…‹ã…‹ã…‹
1094,ìŠ¤ìœ™ìŠ¤ì»· ë„ì „
1095,ë¯¸ì¹œã…‹ã…‹ã…‹ã…‹ã…‹ã…‹ã…‹ã…‹
1096,ì´ë ‡ê²Œ ë§í•˜ë©´ ì¿¨í•´ë³´ì´ê³  ë©‹ìˆì–´ë³´ì¼ê±°ì•¼ ë°•ë ¥ìˆëŠ” ë™ë¬¼ì ì¸ ë˜í¼
1097,"ë¯¸ìš©ì‹¤ê°€ì„œ ë°•ìƒˆë¡œì´ ì»·ì´ë¼ê³  í•´ì•¼í• ê¹Œ, ì•„ë‹ˆë©´ ìŠ¤ìœ™ìŠ¤ë¨¸ë¦¬ì»· ì´ë¼ê³  í•´ì•¼í• ê¹Œìš”...?"
1098,91ë…„ë„ì— ì œê°€ ì²˜ìŒ í–ˆëŠ”ë°ìš”?
1099,ìŠ¤ìœ™ìŠ¤ì»½
1100,@2no.96 ì­...?
1101,ì•„ë¬´ë…¸ë˜ë‚˜ í•´
1102,ì¡°ê¹ŒìŠˆ ã…‹ã…‹
1103,ã…‹ã…‹ã…‹ã…‹ã…‹ã…‹ã…‹ã…‹ã…‹í˜• ì „ìš©ì´ì—
1104,ì•¼ ìˆ˜ìœ™ìŠ¤
1105,"ctm, hÃ¡game el corte swings por favor."
1106,ì•„ ì´ê±° ë‚´ë¨¸ë¦¬ì˜€ëŠ”ë° @ansxogus1120 í¬ë¡­ì»· ê³ ë”©ë–„
1107,uh?
1108,@2wanseok ìŠ¤ìœ™ìŠ¤ë¨¸ë¦¬ í•´ì¤˜
1109,ì €ê±° ì›ë˜ ë»˜ì»µ ë¨¸ë¦¬ ì•„ë‹ˆëƒê³  ã…‹ã…‹ã…‹ã…‹ã…‹ã…‹ã…‹ã…‹
1110,ìœ™ìŠ¤ì»·
1111,@jh_960924 ìœ™ìŠ¤ì»·.....X
1112,ìŠ¤ë°•ìœ™ì„œìŠ¤ì¤€
1113,ìœ™ìŠ¤í˜• ê·€ì—¬ì›Œ
1114,ìŠ¤ìœ™ìŠ¤ë¨¸ë¦¬ì¸ì „
1115,@whduhx
1116,í˜• ì˜ìƒê²¼ì–´
1117,sssssssexy
1118,@h_jin_ ì¼ê²½ì»·í• ë˜?
1119,ìŠ¤ìœ™ìŠ¤ë¨¸ë¦¬ğŸ™ŒğŸ™Œ
1120,ìˆ˜ì•¼ìˆ˜
1121,ìŠ¤ìœ™ìŠ¤ ì ¤ë£¨ ì˜ ì–´ìš¸ë£Œ ~!~!~!!!
1122,@honghwani ì´ê±°í•´
1123,@dxxe_05.3 ã…‹ã…‹ã…‹ã…‹ã…‹ã…‹ì¡¸ë˜ì›ƒê²¨
1124,í˜• ì•ˆë…•í•˜ì„¸ìš”ğŸ”¥ğŸ”¥
1125,ã…... ã…...ìŠ¤ìœ™ì¹© ë¨¹ê³  ì‹¶ë‹¹
1126,"""ëˆê¹ŒìŠ¤ ë¨¸ë¦¬ í•´ì£¼ì„¸ìš”"""
1127,ì‘ì‘ ìŠ¤ìœ™ìŠ¤ê°€ ê·¸ë ‡ë‹¤ë©´ ê·¸ëŸ°ê±°ì§€ ã€°ï¸ã€°ï¸ã€°ï¸ã€°ï¸
1128,ëˆìƒˆë¡œì´ã… ã… ã… 
1129,im dead ğŸ’€ğŸ’€
1130,ê°™ì€ ë¨¸ë¦¬ ë‹¤ë¥¸ ëŠë‚Œ..ğŸ¤”
1131,ì•„ê·¼ë° ì§„ì§œ ì˜ì–´ìš¸ë ¤
1132,ã…‡ã…‡
1133,ë§ˆì´í¬ì— ì¢€ ì„¸ê²Œ ë§ìœ¼ì‹ ë“¯
1134,ìì‹ ì´ ì˜ìƒê¸´ê±´ ëª¨ë¥´ê³  ì•¼ìˆ˜ì¸ê±´ ì˜ì•„ëŠ” ë‚¨ì..
1135,Sexy
1136,"@keun.10 ë„ì „í•´ë´ìš”
ì‘ì›í• ê²Œìš”"
1137,ì•„ìš°!!!! ëŒ€ì‹  ë‚˜ëŠ”!!!! í•˜ë‹¤ê°€ ë¶ˆêµ¬ë©ì´ê°€ëŠ”ê±°ì•„ë‹ˆì•¼?
1138,ìŠ¤ìœ™ìŠ¤ì–¼êµ´í˜•ì´ë‘ì˜ì–´ìš¸ë¦¬ëŠ”ê±°
1139,ì¢‹ìŠµë‹ˆë‹¤ í–‰ë‹˜
1140,ê·¸ê±´ ig;
1141,ê°„ì§œì¥ë¨¸ë¦¬
1142,ëˆê¹ŒìŠ¤ì•¼ ì‚´ ë‹¤ì‹œ ì•ˆì°Œìš°ë©´ í‚¤ìŠ¤ë°•ëŠ”ë‹¤
1143,ëˆê°€ìŠ¤ ë¨¸ë¦¬ ì•„ë‹™ë‹ˆê¹Œ í˜•ë‹˜
1144,ëˆê°€ìŠ¤ ë¨¸ë¦¬
1145,ìŠ¤ë¡ìœ„ë§ˆ
1146,ğŸ˜‚ğŸ˜‚ğŸ˜‚
1147,ì˜¤ë¹  ê±°ì˜ ë³µí™”ìˆ  ìˆ˜ì¤€
1148,ğŸ¤£ğŸ¤£ğŸ¤£ğŸ¤£ğŸ¤£
1149,ë­ì•¼ ì½” ì˜†ë¼ì¸ ì—„ì²­ ì´ë¿Œë„¤
1150,ì°¨ë¼ë¦¬ ì¹ ì²©ë°¥ìƒìœ¼ë¡œ ë°”ê¿”ë¶€ë¥´ì‹œì§€...
1151,ì´ë²ˆ ëª…ì ˆ ì¹œì²©ë³´ê¸´ ê¸€ë €ë„¤ğŸ˜¢
1152,ì™œ ë˜ ëˆ„ê°€ ëª»í•œëŒ€??
1153,"ì´ì œ ì—°ê¸°ë„ ì˜í•´,,,,ğŸ¤¦ğŸ»â€â™€ï¸"
1154,ã…‹ã…‹ã…‹ã…‹ã…‹ã…‹ã…‹ã…‹ã…‹ã…‹ã…‹ ê·€ì—¬ì›€
1155,ğŸ”¥ğŸ”¥ğŸ”¥
1156,ĞĞ¸Ñ‡Ğµ Ğ½Ğµ Ğ¿Ğ¾Ğ½Ğ¸Ğ¼Ğ°Ñ ÑĞ¼Ğ¾Ñ‚Ñ€Ñ Ğ½Ğ° Ñ‚ĞµĞ±Ñ ĞºÑ€Ğ°ÑĞ¸Ğ²Ğ¾Ğ³Ğ¾((
1157,ì²©ì²©ì‚°ì¤‘
1158,ã…‹ã…‹ã…‹ã…‹ã…‹ã…‹ã…‹ã…‹ã…‹ã…‹ã…‹ã…‹ã…‹ã…‹
1159,chin chuckğŸ‘
1160,ã…‹ã…‹ã…‹ã…‹ã…‹ã…‹ã…‹ã…‹ã…‹ì¹œì²©
1161,ğŸ”¥
1162,ëŒë ¤ê¹Œê¸° ğŸ‘
1163,í˜• DMë´ì£ 
1164,ğŸ˜‚ğŸ˜‚
1165,ê·€ì—¬ì›Œ .... ğŸ¤
1166,ë©‹ì§€ë‹¤ ì´ ë‚¨ìğŸ”¥
1167,@su.__.telllla ì¹œì²™ì˜ ì–´ë§ ì¢…ì„±ì— ìœ„ì¹˜í•œ 'ã„±'ì´ 'ã…‚'ìœ¼ë¡œ ë°œìŒë˜ëŠ” ì–‘ìˆœìŒí™”ê°€ ë°œìƒí•˜ê³  ìˆëŠ”ë° ì–´ë–»ê²Œ ìƒê°í•´
1168,@bamboo_0o
1169,@_achromaticolor
1170,í˜•ë‹˜ ì¼ì€ ìš´ë™í•˜ëŠ”ê±° ì•„ë‹™ë‹ˆê½ˆ? ë¶€ì—…ìœ¼ë¡œ ìŒì•…í•˜ì‹œëŠ”ê±°ì£ ?
1171,ì¢€ ì‰¬ì‹­ì‡¼ í–‰ë‹˜ ëª°ê³¨ì´ ë§ì´ ì•„ë‹™ë‹ˆë‹¤
1172,ì—´ì¼
1173,ì´ë§ˆ ê´œì°®ìœ¼ì‹­ë‹ˆê¹Œ í˜•ë‹˜
1174,ì•¡ìì— ìˆëŠ” ê¸°ì—¬ë¯¸ ëˆ„êµ¬ì—ì—¬ ?
1175,Why you looking pissed off bro
1176,ì´ì‹œëŒ€ ì…ì‹œë‚¨
1177,ë¨¸ì¨ã…‡ã…£
1178,â¤ï¸â¤ï¸â¤ï¸
1179,ëŸ½â¤ï¸
1180,ì™œí™”ë‚¬ì–´ìš”
1181,ğŸ”¥â¤ï¸
1182,ğŸ’—ğŸ’—
1183,ìš°ìš¸í•´ë³´ì´ëˆ„
1184,êµ³
1185,ì•„ë‹ˆ ì´í˜• ìš”ì¦˜ ë¬´ë“œ ë¯¸ì³¤ë„¤;;;
1186,BOSSğŸ˜¤ğŸ˜¤
1187,ì˜ìƒê²¼ë‹¤ â¤ï¸
1188,â£ï¸
1189,ë©‹ìˆì–´
1190,ê°œë©‹ìˆë‹¤
1191,ğŸ˜
1192,ë¨¸ì‹¯ì–´ì„œ ëŒì•„ë²„ë ¤
1193,í˜• ì‘ì—…ì‹¤ ë†€ëŸ¬ê°€ê³  ì‹¶ì–´ìš”
1194,ã…‹ã…‹ã…‹ã…‹ã…‹ã…‹ã…‹ã…‹ã…‹ã…‹ã…‹ã…‹ã…‹ã…‹ã…‹
1195,ã…‹ã…‹ã…‹ã…‹ã…‹ã…‹ã…‹ã…‹ã…‹ã…‹ã…‹ã…‹ã…‹ã…‹ã…‹ã…‹ã…‹ã…‹ã…‹ã…‹ã…‹ã…‹ã…‹ã…‹ã…‹ã…‹
1196,ë§ˆì´í¬ë„ ì•„í”„ëŒ€ìš”
1197,ëƒ‰ëˆê¹ŒìŠ¤ë„¤
1198,ğŸ”¥ğŸ”¥ğŸ”¥ì‡¼ë¯¸ë”ë¨¸ë‹ˆë³´ê³  íŒ¬ì´ ë˜ì—ˆë„¤ìš”. ê·¸ ìœ„ì¹˜ì—ì„œ ì°¸ê°€ìë¡œ ë‚˜ì˜¤ëŠ” ê²ƒë„ í° ë„ì „ì¼í…ë° ëê¹Œì§€ ë¬¼ëŸ¬ë‚˜ì§€ì•Šê³  ì—´ì‹¬íˆ ì‹¤ë ¥ í•˜ë‚˜ë¡œ ì¦ëª…í•˜ëŠ” ë‹¹ì‹ ì€ ì´ë¯¸ ìŠ¹ë¦¬í•˜ì…¨ì–´ìš”ğŸ‘ğŸ»ğŸ‘ğŸ» ê·¸ ë‚¨ìë‹¤ì›€ì— í™€~ë”± ë°˜í–ˆìŠµë‹ˆë‹¤ğŸ”¥ğŸ”¥ğŸ”¥
1199,ã…‹ã…‹ã…‹ã…‹ã…‹ã…‹ã…‹ã…‹ã…‹ã…‹ã…‹ã…‹ã…‹ã…‹ã…‹ã…‹ã…‹ã…‹ ëˆê¹ŒìŠ¤ ë‹¤ì³¤ì—‰ ã… ã… 
1200,ë™ê¹Œì•„ëˆê¹Œì•¼ ì•„ë¹ ë¨¸ë¦¬ë„ˆë¬´ì•„íŒŒ ë³‘ì›ë°ë ¤ë‹¤ì¤˜ ì €ë²ˆì— ë§ˆì´í¬ ê´œíˆë˜ì ¸ì„œ ?ë§ì´ì™œì¼€ì–´ëˆŒí•´ì§€ì…¨ì–´ìš¬ã…‹ã…‹ã…‹ã…‹ã…‹ã…‹ã…‹ã…‹
1201,ì™œìš•ë¨¹ëŠ”ê±°ì˜ˆìš”?? ë‚œ ë„ˆë¬´ ë©‹ìˆì–´ ë³´ì´ëŠ”ë°~~~ë‹¹ë‹¹í•¨ íŒ¨ê¸° ë‚˜ì—ê² ì—†ëŠ” ê²ƒë“¤ì´ë¼ ë„ˆë¬´ ë¶€ëŸ½êµ¬ ë©‹ì ¸ë³´ì—¬ìš” ì‘ì›í•©ë‹ˆë‹¤ ^^
1202,ì§€í›„ë‹ˆ ë¨¸ë¦¬ ì½© í–ˆì–´ìš”?
1203,ë­í•˜ëƒ
1204,ë§ˆ.. ë§ˆì´í¬ì— ê²°êµ­ ë§ì€ ê±°ì—¬..?
1205,ã…‹ã…‹ã…‹ã…‹ã…‹ã…‹ã…‹ã…‹ã… ã…  3ì°¨ë¶€í„° ì°¢ì–´ë²„ë¦¬ì„¸ì˜
1206,ã…‹ã…‹ã…‹ã…‹ã…‹ã…‹ã…‹ã…‹ã…‹ã…‹ì´ í˜• ê°œê·¸ë§¨ì´ë„¤ã…‹ã…‹ã…‹ã…‹ã…‹ã…‹ã…‹ã…‹
1207,ë§ì´ ì–´ëˆŒí•´ì¡ŒëŠ”ëˆã…‹ã…‹ã…‹ã…‹ã…‹
1208,ì–´ë””ì— ì¿µ!!! í•˜ê³  ë°•ìœ¼ì…§ë‚˜ìš”?? ê·¸ë¦¬ê³  ì‡¼ë¯¸ì— í¸ì§‘ì¢€ ê·¸ë§Œí•˜ë¼ê·¸ë˜ìš”~~ ì™œëƒ¥í¸ì§‘ì„ í•˜ëŠ”ì§€--;;
1209,baby boyğŸ˜¢
1210,ã…‹ã…‹ã…‹ã…‹ ì‚¬ì‹¤ì´ì—ˆìŠµë‹ˆê¹Œ í˜•ë‹˜
1211,ì—­ì‹œ ì¿¨í•˜ê³  ê·€ì—½êµ° ëˆê¹Œí˜•
1212,ë§ˆì´í¬ë•Œë¬¸ì´ë¼ì‘ê±°ì•¼?
1213,@_barisper ã…‹ã…‹ã…‹ã……ã…‚ ë§ˆì´í¬ì— ë§ì€ì²™ ê°œì›ƒê¸°ë„¤
1214,@mushroom_siroom ë¼ì—¬ì›¡
1215,@jins_unny_ ë‚´ ìœ„ì¸ ì´ì•¼
1216,@e.e__eee
1217,@han_berry_ à·†
1218,ì½”ë¦¬ì•ˆ ì¹¸ì˜ˆ ì›¨ìŠ¤íŠ¸ ğŸ˜‚
1219,ë³´ì—¬ì¤¬ìœ¼ë‹ˆì‡¼ë¯¸ë”ë¨¸ë‹ˆ
1220,ã…‹ã…‹ã…‹ã…‹ã…‹ã…‹ã…‹ã…‹ã…‹ã…‹ã…‹ã…‹ã…‹ã…‹ã…‹ã…‹ã…‹ã…‹ã…‹ã…‹ã…‹ã…‹ã…‹ã…‹
1221,ì¦ëª…í•˜ëŠ” ì‚¬ëŒ
1222,í˜• ì™œ ë§ˆì´í¬ë˜ì ¸
1223,ë§ˆì´í¬ ì—†ì–´ë„ ë°œì„±ìœ¼ë¡œ ì”¹ì–´ë¨¹ìœ¼ë‹ˆê¹Œ ë˜ì§€ì‹ ê±° ì•„ë‹Œê°€ ì‹¶êµ°ìš”.
1224,ìŠ¤ìœ™ìŠ¤ ì¡´ë‚˜ì˜í•´ ì¡´ë‚˜ì˜í•´
1225,ìŠ¤ìœ™ìŠ¤ë‹˜ í¬ë£¨ë¶„ë“¤ë§Œ fail ëˆŒë €ë„¹.. ì†Œì†ì‚¬ fail êµ­ë£°ì´ì§€
1226,ì´ë²ˆ ì‡¼ë¯¸ ìŠ¤ìœ™ìŠ¤ ì—†ì—ˆìœ¼ë©´ ê°œë§í–ˆê² ë„¤
1227,ë§ˆì´í¬ë˜ì§€ê¸° ê²Œë ˆë…¸
1228,ğŸ”¥â¤ï¸
1229,í˜• ì—†ìœ¼ë©´ ì— ë„· ì•ˆëŒì•„ê°€
1230,í˜• ë””ì§„ë‹¤ëˆê¹ŒìŠ¤ ëª¨ë“œ ë©‹ìˆì—ˆì–´
1231,"ì§€í›ˆí˜• ê¸°ì£½ì§€ë§ê³  ë‹¹ë‹¹í•˜ê²Œ í•´ë‚´ìš” ì–¸ì œë‚˜ ë©‹ì§„ ë˜í¼ê³  ë©‹ì§„ ì‚¬ëŒì´ë‹ˆê¹Œ...ì €ì²˜ëŸ¼ ë’¤ì—ì„œ ì‘ì›í•˜ëŠ” ì‚¬ëŒë“¤ì´ ë§ìœ¼ë‹ˆê¹Œ...ì•…í”Œë“¤ì—” ì‹ ê²½ì“°ì§€ ë§ˆìš” ë‹¤ë“¤ ìê¸°ë¶€í„° ëŒì•„ë³´ê³  ë§í•´ì•¼ í•˜ëŠ”ë° í•­ìƒ ìê¸°ëŠ” ëŒì•„ë³´ì§€ ì•Šê³  ë‚¨ì€ ê¹Œê¸° ë°”ì˜ì£  ğŸ˜¢ ì–¸ì œë‚˜ ì‘ì›í•˜ë‹ˆê¹Œ ì ˆëŒ€ ì§€ì¹˜ì§€ ë§ê³ , ê°€ë”ì”©ì€ ì‰¬ì–´ê°€ë©´ì„œ ì•ìœ¼ë¡œ ë‚˜ì•„ê°€ìš”"
1232,í•˜ í¸ì§‘ë­ì•¼ ì§„ì§œ 1ì£¼ì¼ ì–´ì¼€ ê¸°ë‹¤ë ¤ í˜•
1233,ê°™ì€ì†Œì†ì‚¬ 2 í˜ì¼ ë°•ê³  ê°€ëŠ”ê±° êµ­ë£° ã…¡ ë°œì„± ê³¼ì‹œí•˜ë ¤ê³  ë§ˆì´í¬ ë˜ì§€ëŠ” í¼í¬ë¨¼ìŠ¤ê¹Œì§€ ì•„ì£¼ êµ¿
1234,í•˜ì•™ğŸ”¥ğŸ”¥ğŸ”¥ğŸ”¥ğŸ”¥ğŸ”¥ğŸ”¥ì§„ì§œ ì¡°ì˜¤ì˜¤ì˜¤ì˜¨ë‚˜ ë©‹ìˆë‹¤!!!!!!!!!ë¶€ì•„ì•„ì•™ì•„ã…!!!!â¤ï¸
1235,ì•„ë‹ˆ. ì´ê±¸ì—¬ê¸°ì„œëŠìœ¼ë©´. í•˜ë£¨ì¢…ì¼ ìŠ¤ìœ™ìŠ¤ìƒê°ì™¸ì—” í• ìˆ˜ê°€ì—†ì–ì•„
1236,ìš•í•˜ì§€ ë§ê³  ê·¸ëƒ¥ ê³ ìƒí–ˆë‹¤ê³  ê²©ë ¤ í•œë§ˆë””ë§Œ í•˜ì!! ìŠ¤ìœ™ìŠ¤í˜• ê³ ìƒí–ˆì–´!ğŸ‘
1237,"ã…‹ã…‹ã…‹ã…‹ã…‹ã…‹ë³´ë‹¤ê°€ ì§„ì§œ ê°œì›ƒì—ˆë„¤ã…‹ã…‹ã…‹ã„±ã…‹ã…‹ã„±ã…‹ã…‹ã…‹ã…‹ã…‹ã…‹ã„±ã…‹ã„±ã„²ã…‹ã…‹ã…‹ã…‹ã…‹ã…‹ã…‹ã…‹ã…‹ã„±ã„²ã…‹ã…‹ã…‹ã…‹ã…‹ã…‹ã…‹ã…‹ã…‹ã…‹ã…‹ã…‹ã…‹ã…‹ã…‹ã…‹ã…‹ã…‹ã…‹ã…‹ã…‹ã…‹ã…‹ì €ìŠ¤ë””ìŠ¤ë‹˜, ê¸°ë¦¬ë³´ì´ë‹˜ ê·¸ ì™€ì¤‘ì— ë°”ë¡œ íƒˆë½ã…‹ã…‹ã„±ã„²ã„±ã…‹ã…‹"
1238,ë§ˆì´í¬ ë˜ì§€ê³  ìƒëª©ìœ¼ë¡œ ì°¢ì—ˆì„ê±°ë¼ê³  ë¯¿ì–´ì—¬...ê·¼ë° ì— ë„· ì´ë²ˆì‹œì¦Œì—ëŠ” ì™¤ì¼€ ì¤‘ê°„ì— ëŠì–´...ì¦ë§...
1239,í˜• ì™œ ê¸‰ë°œì§„í•´
1240,í˜• ì‡¼ë¯¸ ì˜ë´¤ì–´ìš”
1241,í— ë­ì•¼ 8ì´ˆì „
1242,ì‡¼ë¯¸ íˆ¬ì›¬í‹°ì¯¤ì— í˜•ì´ë‘ ê²°ìŠ¹ì—ì„œ ë´ì•¼í•˜ëŠ”ë°~
1243,ì•„ë‚˜ í›„ë“œí‹° ë°‘ìœ¼ë¡œ ì…ì€ì¤„
1244,ğŸ˜
1245,ë­ì§€?ì§„ì§œ ê°œì¡´ì˜
1246,ìŠ¤ìœ™ìŠ¤ë‚´ê¼¬....
1247,í˜• ì—˜ë²”ì¢€ ë‚´ì£¼ì„¸ì˜¤
1248,ğŸ”¥
1249,ìŒì› ë‹¤ì‹œ ì˜¬ë¼ì™”ë‹¤ ì´ê±´ê°€ìš” ã…‹ã…‹
1250,ê¸°ì—¬ì›¡
1251,ëª…ì ˆ ë¯¸ìš´ ì¹¨ì²©
1252,ìŠ¤ìœ™ìŠ¤í˜• ì‚¬ë‘í•´ìš” ğŸ”¥ğŸ”¥ğŸ”¥
1253,ë‚œí”„ë ˆì‰¬í•œë‚˜ì´í‚¤ë„Œë¬´ì¢€ë°œí• ì•„ë²„ì§€ì˜ì—ì´ì‹ìŠ¤~ ìŠ¤ìœ™ìŠ¤~~âœ¨
1254,papi ğŸ”¥ğŸ”¥ğŸ”¥
1255,ì•ˆì „í™” ê°±!
1256,ì•„ ã…ˆã„´ ë©‹ìˆë„¤...ğŸ”¥
1257,ì—ë°”ì ìœ¼ë¡œ ì˜ìƒê¹€â£ï¸
1258,Good jobğŸ‘ Fighting â¤
1259,ë¨¸ë¦¬ê¸°ì—¬ì›Œ
1260,ì•„ë‹ˆ í–‰ë‹˜ ì™œì´ë ‡ê²Œ ìŠ¤íƒ€ì¼ë¦¬ì‰¬ í•´ì¡Œì–´ìš” ì˜·ì¡´ë‚˜ ì˜ì…ì–´ì¡Œë„¤ ë‚˜ë„ ë”°ë¼ì…ê²Œ ë¸Œëœë“œë„ ì¢€.....
1261,ê°±ê°±
1262,@h__dongs @kdy_oung ë¨¸ì‹¯ì„œã… ã…  ã… ã… 
1263,@ansdkgus__00 ì§„ì§œ ë°•ì„œì¤€ ë‹®ìŒ..ì‚´ ì¢€ë§Œ ë” ë¹¼ë©´ ã…‡ã…ˆ?
1264,@dongu_99 ë­ ã…¡í•˜ëƒ?
1265,@kkkim_suho ã…‹ã…‹ã…‹ã…‹ìš¸ì§‘ì•ì¸ì¤„..ğŸ˜†ğŸ˜†í”Œë¼íƒ€ë„ˆìŠ¤
1266,ì™€ ì§€í›ˆì•„ ë„ˆ ì˜ìƒê²¼ë‹¤ ê³„ì† ì˜ìƒê²¨ì§€ë„¤ ğŸ‘ğŸ‘ ë§ˆìŒì†ìœ¼ë¡œ ì‘ì›í•˜ê³  ìˆë‹¤ ë©‹ìˆì–´ í™”ì´íŒ…
1267,ë ˆë“œ ê¹”ë§ì¶¤ğŸ¥€
1268,í‡´ë¬¼ ì†Œë¦¬ ì—†ì–´ì§€ê³  ë‹¤ë“¤ ì¸ì •í•´ì£¼ë‹ˆê¹Œ ì´ì œì•¼ ì¢€ ìˆ¨ì´ íŠ¸ì´ë„¤ í˜•ì€ í•­ìƒ ê³¼ì†Œí‰ê°€ ë˜ë‹¤ê°€ ë“œë””ì–´ ë‹¹ì—°íˆ ì¸ì • ë°›ì•„ì•¼ ë  ê²ƒ ì¤‘ì— ì¡°ê·¸ë§Œê±° í•˜ë‚˜ ì¸ì •ë°›ì€ê±´ê±° í™í•© ì§„ì§œ ì¢‹ì•„í•˜ëŠ” ì‚¬ëŒë“¤ì€ ë‹¤ ì•Œì•„ìš” !!í˜!!
1269,ë’¤ì— ìˆëŠ” ì¹´í˜ìš”
1270,í˜•ë‹˜ ì™œ ì½•ìŠ¤ë¹Œë¦¬í•œíƒœ ì—¿ ë‚ ë¦¬ì…¨ì–´ì—¬? ë‘˜ì´ ê°™ì€íŒ€ ë˜ë©´ ì–´ì©Œë ¤ê³ ...
1271,ì•„ì´ëŒ ì˜¤ë¹ 
1272,ê±·ëŠ”ì¤‘?
1273,ğŸ”¥ğŸ”¥
1274,ë©‹ì§ì† ì—¬ìœ ë¡œì›€
1275,í˜• ì§€ë‚˜ê°€ë‹¤ ë´¤ëŠ”ë° ë„ˆë¬´ ë¬´ì„œì›Œìš”;;
1276,ì´ë˜ë†“ê³  ì‚¬ê¸°ë‹¹í•´ì„œ ëˆ ë‹¤ ìƒìœ¼ë©´ ìš¸ ê±° ì–ì•„
1277,SWINGS SWUNG SOME WEIGHTS
1278,ë‚˜ ê°•ë¦‰í•¨ì”¨ í•¨ê°€í˜„
1279,ëˆê¹Œ ë‚´êº¼
1280,í–‰ ì‚¬ì§„ì€ ëˆ„ê°€ ì°ì–´ì¤€ê³  ?
1281,good
1282,ë©‹ìˆì–´ìš©ğŸ˜ ì‹¤ë¬¼ ì¡´ì˜!ã…‹ã…‹ì˜¤ë¹  ì‚¬ì§„ ì°ì–´ì£¼ì…”ì„œ ê°ì‚¬í•´ìš©~êº„ ã…ğŸ˜˜
1283,ëŸ½â¤ï¸
1284,ë‚´ê°€ ìƒì„ê²Œ ë­ê°€ ìˆëŠ”ë°?
1285,ê·¸ë˜ì„œ ì´ê±° ë‚¨ì¹œì§¤ì¸ê°€ìš”
1286,ì‘ì›í•©ë‹ˆë‹¤ ğŸ‘ğŸ‘ğŸ‘
1287,ğŸ”¥ğŸ”¥
1288,â™¥ â™¥ â™¥
1289,@essriya_a ìœ™ìƒˆë¡œì´ğŸ™‹ğŸ»â€â™€ï¸
1290,â¤
1291,ì¡¸ë¼ ë©‹ìˆëŠ” ë™ë„¤ í˜•ğŸ”¥
1292,í˜• ì‡¼ë¯¸ ì˜ ë´¤ì–´ìš”
1293,ë‚˜ë„
1294,ë‚˜ë„ ğŸ’ğŸ’
1295,í˜•ğŸ‘
1296,í˜• ì§„ì§œë¡œ â€œë“£ê³ ìˆì–´??â€ ìš”ì¦˜ ë§¤ì¼ ë“£ê³  ìˆì–´ìš” ì™œ ì´ê±¸ ì´ì œì„œì•¼ ë´¤ì„ê¹Œ...
1297,ë‚˜ë‘ à·†
1298,ëª¨ë¸
1299,ë‚˜ë„
1300,â¤ï¸
1301,â¤ï¸
1302,ì„¸ìƒì—ì„œ ì ¤ ë©‹ì§„ (ì „) ëˆê¹Œì“°
1303,í˜• ì €ë‘ìš”ğŸ’•
1304,ğŸ’›
1305,ì €ë‘ìš” í˜¸ë¹µâ™¥ï¸
1306,ìš°ì™€~ğŸ‘ğŸ‘
1307,ë‚˜ë„ë‚˜ë„ ğŸ’ğŸ’
1308,â¤ï¸
1309,â¤ï¸â¤ï¸â¤ï¸
1310,Love you too
1311,ë‚˜ë„ í˜•!
1312,â¤ï¸â¤ï¸
1313,â¤ï¸
1314,ë¯¸ì•ˆí•˜ë‹¤ ìˆœê°„ ì¡°ì„¸í˜¸ë‹˜ì¸ì¤„ ì•Œì•˜ë‹¤
1315,ì‡¼ë¯¸ ì§€ì› ì‚¬ì§„
1316,??: ì†ì£¼ë“œë¦´ë•Œê¹Œì§€ ì•ˆ ì…ì–´ ê²€ì€ì •ì¥
1317,ì†ì£¼ë“œë¦´ë•Œê¹Œì§€ ì•ˆ ì…ì–´ ê²€ì€ ì •ì¥
1318,ì•½ê°„ ì‚¬ë‚´ ì •ì¹˜ì— ì§ˆë ¤ í‡´ì‚¬í•˜ê¸° ì§ì „ì˜ ì‚¬ì›ê°™ë‹¹
1319,ì—„
1320,"ë˜ ì¸ì‚¬ì´íŠ¸ê°€ ìŠ¤ìœ™ìŠ¤ ìˆ˜íŠ¸í• ì–´ì©Œê³  í•˜ê³ , ìŠ¤ìœ™ì´ ìŠ¤í† ë¦¬ì— ì¸ì‚¬ì´íŠ¸ ë¯¿ë„¤ ì–´ì©Œêµ¬ í•˜ê² ë„¤â¤ï¸"
1321,í˜• ìš¸ì§€ë§ˆ
1322,DA BOSS ğŸ”¥ğŸ”¥
1323,Nice pic bro
1324,ğŸ™ğŸ™ğŸ™
1325,í— ì™„ì „ ì‚¬ì§„ì— ë¹¨ë ¤ë“¤ì–´ê°‘ë‹ˆë‹¤
1326,ë©‹ì‡ë‹¤ swings
1327,WowğŸ¤©
1328,ì¦ëª…ì‚¬ì§„ìœ¼ë¡œ í° ë’¤ì— ë„£ê³  ë‹¤ë‹ˆë©´ ë”±ì´ë„¤ìš”
1329,ìš¸ë‹¤ì°ì—ˆìŠµë‹ˆê¹Œ?
1330,ì˜¤ë¼ë²„ë‹ˆ ì™œ ëˆˆê°€ê°€ ì´ˆë¡±í•˜ì§€ ì•Šê³  ìŠ¬í¼ë³´ì…ë‹ˆê¹Œ..
1331,ì™œìºì˜ìƒê²¼ëˆ„
1332,ì§€í›ˆí–„ ê³§ ìš°ì‹¤ ê±° ê°™ì•„ì—¬..
1333,@jh._.nam ì§œì¦ë‚˜ë„¤ ì¢‹ì•„í•˜ëŠ” ì‚¬ì§„ ê¸°ë°˜ìœ¼ë¡œ í•´ì„œ ì™œ ì´ ì‚¬ì§„ì´ ì¶”ì²œë˜ëŠ”ê±°ëƒ ê°™ì´ë³´ì
1334,@xanadu_my ë­ì§€ ì™œ ì˜ìƒê¹€
1335,@dntpdbs_0 @_dorothy0120 @_.ten.ten_ ê°€ìœ„ë°”ìš°ã…ë³´ ì´ê¸´ì‚¬ë€ í°ìºì´ìŠ¤ ë’¤ ë„£ì
1336,@big_dae.han ëˆê¹Œí˜• ë©‹ì§€ë‹¤
1337,@nakooong ì…ì•ˆì— ëˆê¹ŒìŠ¤ ì•™ ë¬¼ê³  ì—†ëŠ” ì²™ í•˜ëŠ” í‘œì •ì„
1338,ì˜¤ë¹  ìƒì¼ ì¶•í•˜í•´!!ğŸ‚ğŸŒ¹âœ¨
1339,ìƒì¶•ì˜¤ë¹ !! ğŸ‰
1340,HBD brotha ğŸ™!!
1341,ëˆê¹ŒìŠ¤ ì¼€ìµ ë§ì´ ë¨¹ì–´~
1342,ê¸€ ì½ëŠ”ë° ìŒì„±ì§€ì›ëœë‹¤ ã…‹ã…‹ã…‹ ìƒì¶•!!ğŸ‚
1343,ì˜¤ë¹  ì¢‹ì€ í•˜ë£¨ ë³´ë‚´ì„¸ì—¬!! ğŸ–ğŸ•ğŸ‚
1344,Happy birthday! ì˜¬í•´ë„ ëª¸ë„ ë§˜ë„ ê±´ê°•í•˜ê³  í–‰ë³µí•˜ê²Œ âš¡ï¸âš¡ï¸âš¡ï¸!!!
1345,ì˜¤ë¹  ìƒì¼ ì¶•í•˜ë“œë ¤ìš” ğŸ‚!! ğŸ’šğŸ§¡
1346,â„ï¸ğŸ”¥
1347,ğŸ’™ğŸ’™ğŸ’™ HBD King!!!! ğŸ™ŒğŸ»
1348,Happy Birthday Brother ğŸ‘
1349,ìƒì¼ ã…Šã…‹ã…Šã…‹ğŸ¥³ğŸ¥³ğŸ¥³
1350,ì§€í›ˆì•„ ìƒì¼ì¶•í•˜í•´~
1351,â¤ï¸shout outâ¤ï¸
1352,ğŸ¤ğŸ¤ğŸ¤ğŸ¤ğŸ¤
1353,ğŸ‘ğŸ‘ğŸ‘ğŸ‘
1354,HBD
1355,AYE HE HIT ~DIFFERENT~ ğŸ˜³ğŸ¥´ğŸ¥´
1356,ìƒì¼ ë„ˆë¬´ë„ˆë¬´ ì¶•í•˜í•˜êµ¬ìš” ëª‡ë…„ ì§€ë‚˜ë„ ì •ë§ ë„ˆë¬´ë„ˆë¬´ ë©‹ìˆìœ¼ì‹œê³  ìµœê³ ì…ë‹ˆë‹¤ğŸ¥°
1357,ğŸ‰ğŸ‰ğŸ‰ğŸ‰
1358,His ê´‘ëŒ€ is ì–´ë‚˜ë” ë ˆë²¨
1359,@hostmalong shit is real
1360,@seungxlucia
1361,@s00ining ë„ˆ ë‚¨ì¹œ ìƒì¼ì´ì…”?
1362,ì†Œë…„ì“°ğŸ‘¦ğŸ»
1363,ìš”í•œì´í˜• ì—¬ê¸° ì˜¬ê±°ê°™ì•„ì„œ ë§í•˜ëŠ”ë° í˜• íŒ”ìì£¼ë¦„ ì„ í¬ë¦¼ë°”ë¥´ë©´ ê±°ê¸°ì— ë­‰ì³ìš”?
1364,ì•„ì•…ì˜¤ë¹ ì™œì ì ì˜ìƒê²¨ì§€ëŠ”ê±°ì—ìš”
1365,2ë“±ğŸ”¥ğŸ”¥
1366,ë©‹ì¥ì´ì˜ˆìš” ğŸ‘ğŸ»ğŸ‘ğŸ»ğŸ˜«ğŸ‘ğŸ»ğŸ‘ğŸ»
1367,ì‚´ë§ŒëºëŠ”ë° ì–¼êµ´ ê°œë§¤ë ¥ë©ì–´ë¦¬ë˜ì…¨ë„¹ğŸ‘ã…ã…
1368,ì™€ ì¡´ì˜ì´ë„¤ ã…ã…Š
1369,í˜•ë‹˜ ì‹¸ì¸ ê°ì‚¬í•©ë‹ˆë‹¤ğŸ‘ ì‹¤ë¬¼ê°‘
1370,ì•„ë‹ˆ ì˜¤ë¹  ì„±í˜•í–ˆì–´ìš”?
1371,ì™œì´ë ‡ê²Œ ì˜ìƒê²¨ì¡Œì–´ìš”
1372,ë©‹ì§â¤ï¸
1373,ìš”í•œì´ëŠ” ì•„ì§ ì¢‹ì•„ìš” ì•ˆ ë°•ì•˜ëƒ ??..
1374,@zero.seven.two.eight ì¡´ì˜ì¸ë””ì•¼....
1375,@rkdtnqls47 ì–´ë–¡í•´ ã…  ë‚´ìŠ¤íƒ€ì¼ ã…  ì–´ì©œ ã…  í•˜ ã… 
1376,@nothing_special_00 ì¹¼í•˜íŠ¸ í›ˆë‚¨ì´ë‹¤ã…‹ã…‹ã…‹ã…‹ã…‹ ê»„ê»„
1377,@da.e_2n ìŠ¤ìœ™ìŠ¤ ì˜ìƒê²¨ì§ ã…‹ã…‹ã…‹ã…‹ã…‹
1378,@ha_ny2 ë¨¸ì–‘ ë‚¨ì¹œì§¤ì„
1379,@joodaeng_e ì•„ë‹ˆ ì¢€ ì˜ìƒê²¼ì–ì•„ ì§„ì§œ
1380,@kwak_530 ì™¤ì¼€ì˜ìƒê²¼ëƒ
1381,@xe.x.n ì¹¼í•˜íŠ¸ ë§¨íˆ¬ë§¨ ì‚¬ì¤˜ë¼ ë‚˜
1382,@minseo__jj
1383,@__hxxn.s2 ëª¨ì§€? ì¤€í˜¸ë‹®ì•˜ì–´
1384,@l_u_cy_1234 ì•„ë‹ˆ ì˜¤ã…‘ã„¹ì¼€ ì˜ìƒê¹€
1385,@seojoon_ing í— ì˜ìƒê°¸ì¡Œì–´
1386,
1387,
1388,
1389,
1390,
1391,
1392,
1393,
1394,
1395,
1396,
1397,
